Series_Event,Event_Date,Market,Headliner_Latino,Next_Card_Announced_On_Air,TV_Viewers,Promo_Code_Signups,Retained_30d,Retained_60d,Next_PPV_Buys,Social_Video_Views,Signup_Rate,Retention_30d,Retention_60d
Month 01,2025-10-04,Houston,True,True,51379,497,367,306.0,107,470020,0.009673212791218203,0.738430583501006,0.6156941649899397
Month 01,2025-10-04,Los Angeles,True,True,59854,742,537,407.0,97,696350,0.012396832291910315,0.7237196765498652,0.5485175202156334
Month 01,2025-10-04,New York,True,True,44213,460,342,277.0,93,302428,0.010404179766132133,0.7434782608695653,0.6021739130434782
Month 01,2025-10-04,Chicago,True,True,36889,502,394,311.0,50,250062,0.013608392745804982,0.7848605577689243,0.6195219123505976
Month 01,2025-10-04,San Antonio,True,True,46418,440,320,260.0,89,504265,0.00947908139083976,0.7272727272727273,0.5909090909090909
Month 01,2025-10-04,Phoenix,True,True,48138,453,364,281.0,79,535913,0.009410444970709211,0.8035320088300221,0.6203090507726269
Month 01,2025-10-04,Dallas,True,True,44981,457,343,265.0,95,329360,0.010159845268002045,0.75054704595186,0.5798687089715536
Month 01,2025-10-04,Miami,True,True,35500,350,259,200.0,39,335433,0.009859154929577466,0.74,0.5714285714285714
Month 01,2025-10-04,Atlanta,True,True,33476,399,304,226.0,64,326887,0.011918986736766638,0.7619047619047619,0.5664160401002506
Month 01,2025-10-04,Philadelphia,True,True,32992,384,286,228.0,82,274936,0.011639185257032008,0.7447916666666666,0.59375
Month 01,2025-10-04,Las Vegas,True,True,28036,273,209,171.0,32,177776,0.00973748038236553,0.7655677655677655,0.6263736263736264
Month 01,2025-10-04,Denver,True,True,21557,176,131,115.0,21,202719,0.008164401354548406,0.7443181818181818,0.6534090909090909
Month 01,2025-10-04,Detroit,True,True,26681,347,248,202.0,46,277124,0.01300550953862299,0.7146974063400576,0.5821325648414986
Month 01,2025-10-04,El Paso,True,True,41450,567,438,355.0,78,479778,0.01367913148371532,0.7724867724867724,0.6261022927689595
Month 01,2025-10-04,Sacramento,True,True,22111,233,161,120.0,45,190147,0.010537741395685406,0.6909871244635193,0.5150214592274678
Month 01,2025-10-04,San Diego,True,True,27554,307,210,171.0,41,320204,0.011141758002467882,0.6840390879478827,0.5570032573289903
Month 01,2025-10-04,Orlando,True,True,24644,311,228,179.0,32,226324,0.01261970459341016,0.7331189710610932,0.5755627009646302
Month 01,2025-10-04,Washington DC,True,True,27114,277,199,163.0,57,313687,0.010216124511322564,0.7184115523465704,0.5884476534296029
Month 01,2025-10-04,Boston,True,True,20443,269,196,149.0,53,234444,0.013158538374993886,0.7286245353159851,0.5539033457249071
Month 01,2025-10-04,Fresno,True,True,40269,527,391,323.0,105,266899,0.01308698999230177,0.7419354838709677,0.6129032258064516
Month 02,2025-11-04,Houston,False,False,43054,575,369,237.0,58,505702,0.013355321224508757,0.6417391304347826,0.4121739130434783
Month 02,2025-11-04,Los Angeles,False,False,45727,443,257,177.0,83,257339,0.009687930544317361,0.5801354401805869,0.39954853273137697
Month 02,2025-11-04,New York,False,False,39894,390,241,159.0,75,468743,0.009775906151300948,0.617948717948718,0.4076923076923077
Month 02,2025-11-04,Chicago,False,False,38538,398,222,139.0,79,413672,0.010327468991644611,0.5577889447236181,0.3492462311557789
Month 02,2025-11-04,San Antonio,False,False,42981,524,283,174.0,82,279236,0.012191433424071101,0.5400763358778626,0.3320610687022901
Month 02,2025-11-04,Phoenix,False,False,37570,376,200,130.0,59,389926,0.010007985094490284,0.5319148936170213,0.34574468085106386
Month 02,2025-11-04,Dallas,False,False,44071,564,332,220.0,106,419596,0.012797531256381748,0.5886524822695035,0.3900709219858156
Month 02,2025-11-04,Miami,False,False,30947,385,204,131.0,80,236625,0.012440624293146347,0.5298701298701298,0.34025974025974026
Month 02,2025-11-04,Atlanta,False,False,31268,360,202,133.0,43,212093,0.011513368299859281,0.5611111111111111,0.36944444444444446
Month 02,2025-11-04,Philadelphia,False,False,29099,239,154,96.0,28,292661,0.008213340664627651,0.6443514644351465,0.401673640167364
Month 02,2025-11-04,Las Vegas,False,False,31771,313,187,115.0,44,325698,0.009851751597368669,0.597444089456869,0.36741214057507987
Month 02,2025-11-04,Denver,False,False,25323,231,134,89.0,38,172156,0.009122141926312048,0.5800865800865801,0.3852813852813853
Month 02,2025-11-04,Detroit,False,False,28291,315,187,123.0,38,283751,0.011134282987522533,0.5936507936507937,0.3904761904761905
Month 02,2025-11-04,El Paso,False,False,33076,289,171,125.0,60,351920,0.008737453138227113,0.5916955017301038,0.43252595155709345
Month 02,2025-11-04,Sacramento,False,False,21695,259,137,89.0,27,238635,0.01193823461627103,0.528957528957529,0.3436293436293436
Month 02,2025-11-04,San Diego,False,False,27959,242,139,99.0,48,148485,0.00865553131370936,0.5743801652892562,0.4090909090909091
Month 02,2025-11-04,Orlando,False,False,24360,206,132,85.0,35,255903,0.008456486042692939,0.6407766990291263,0.41262135922330095
Month 02,2025-11-04,Washington DC,False,False,26157,310,180,117.0,62,279979,0.011851512023550101,0.5806451612903226,0.3774193548387097
Month 02,2025-11-04,Boston,False,False,20954,250,150,101.0,39,113892,0.01193089624892622,0.6,0.404
Month 02,2025-11-04,Fresno,False,False,28115,392,212,138.0,54,277939,0.013942735194735906,0.5408163265306123,0.3520408163265306
Month 03,2025-12-04,Houston,True,True,65337,785,547,450.0,169,770520,0.012014631831886986,0.6968152866242038,0.5732484076433121
Month 03,2025-12-04,Los Angeles,True,True,70681,890,657,525.0,160,479774,0.012591785628386695,0.7382022471910112,0.5898876404494382
Month 03,2025-12-04,New York,True,True,46207,626,400,288.0,130,435604,0.013547730863289111,0.6389776357827476,0.46006389776357826
Month 03,2025-12-04,Chicago,True,True,39137,497,335,274.0,101,229953,0.012698980504382043,0.6740442655935613,0.5513078470824949
Month 03,2025-12-04,San Antonio,True,True,61621,792,565,,144,337449,0.012852761233994904,0.7133838383838383,
Month 03,2025-12-04,Phoenix,True,True,49091,655,428,315.0,78,328058,0.013342567884133547,0.6534351145038167,0.48091603053435117
Month 03,2025-12-04,Dallas,True,True,48540,481,346,272.0,96,290576,0.009909353110836424,0.7193347193347194,0.5654885654885655
Month 03,2025-12-04,Miami,True,True,35259,433,305,245.0,85,331318,0.012280552483053972,0.7043879907621247,0.5658198614318707
Month 03,2025-12-04,Atlanta,True,True,35067,435,376,307.0,81,408058,0.012404825049191548,0.864367816091954,0.7057471264367816
Month 03,2025-12-04,Philadelphia,True,True,32158,326,242,198.0,57,305069,0.01013744635860439,0.7423312883435583,0.6073619631901841
Month 03,2025-12-04,Las Vegas,True,True,32870,298,199,162.0,49,244255,0.009066017645269242,0.6677852348993288,0.5436241610738255
Month 03,2025-12-04,Denver,True,True,26032,229,181,151.0,48,182940,0.008796865396435156,0.7903930131004366,0.6593886462882096
Month 03,2025-12-04,Detroit,True,True,29798,347,260,209.0,41,240498,0.011645076850795355,0.7492795389048992,0.6023054755043228
Month 03,2025-12-04,El Paso,True,True,50457,680,515,426.0,124,573332,0.013476821848306479,0.7573529411764706,0.6264705882352941
Month 03,2025-12-04,Sacramento,True,True,26090,354,256,209.0,57,143004,0.013568417018014565,0.7231638418079096,0.5903954802259888
Month 03,2025-12-04,San Diego,True,True,28522,357,272,227.0,44,255729,0.012516653811093192,0.7619047619047619,0.6358543417366946
Month 03,2025-12-04,Orlando,True,True,27288,273,202,161.0,28,258895,0.010004397537379068,0.73992673992674,0.5897435897435898
Month 03,2025-12-04,Washington DC,True,True,26263,300,215,179.0,38,222852,0.011422914366218635,0.7166666666666667,0.5966666666666667
Month 03,2025-12-04,Boston,True,True,19829,190,133,105.0,25,230738,0.009581925462706137,0.7,0.5526315789473685
Month 03,2025-12-04,Fresno,True,True,40542,547,418,357.0,74,428287,0.013492180948152533,0.7641681901279708,0.6526508226691042
Month 04,2026-01-04,Houston,False,True,48584,620,464,,74,329093,0.012761402931006093,0.7483870967741936,
Month 04,2026-01-04,Los Angeles,False,True,55246,768,574,480.0,95,424986,0.013901458929153242,0.7473958333333334,0.625
Month 04,2026-01-04,New York,False,True,44308,577,396,330.0,76,426257,0.013022479010562426,0.6863084922010398,0.5719237435008665
Month 04,2026-01-04,Chicago,False,True,48705,623,478,389.0,124,284080,0.012791294528282517,0.7672552166934189,0.6243980738362761
Month 04,2026-01-04,San Antonio,False,True,44004,483,345,266.0,55,300876,0.010976274884101446,0.7142857142857143,0.5507246376811594
Month 04,2026-01-04,Phoenix,False,True,34479,381,284,203.0,42,378676,0.01105020447228748,0.7454068241469817,0.5328083989501312
Month 04,2026-01-04,Dallas,False,True,39058,413,298,247.0,43,425385,0.010574018126888218,0.7215496368038741,0.5980629539951574
Month 04,2026-01-04,Miami,False,True,34932,472,331,246.0,69,178034,0.01351196610557655,0.701271186440678,0.5211864406779662
Month 04,2026-01-04,Atlanta,False,True,30411,383,278,222.0,56,242092,0.012594127125053435,0.7258485639686684,0.5796344647519582
Month 04,2026-01-04,Philadelphia,False,True,30418,331,245,213.0,50,165600,0.010881714774146886,0.7401812688821753,0.6435045317220544
Month 04,2026-01-04,Las Vegas,False,True,31209,326,223,169.0,52,272854,0.010445704764651223,0.6840490797546013,0.5184049079754601
Month 04,2026-01-04,Denver,False,True,26413,277,196,157.0,40,208233,0.010487260061333435,0.7075812274368231,0.5667870036101083
Month 04,2026-01-04,Detroit,False,True,29089,335,270,214.0,70,244920,0.011516380762487538,0.8059701492537313,0.6388059701492538
Month 04,2026-01-04,El Paso,False,True,39997,368,265,193.0,73,478491,0.009200690051753882,0.720108695652174,0.5244565217391305
Month 04,2026-01-04,Sacramento,False,True,30685,352,268,214.0,61,283327,0.01147140296561838,0.7613636363636364,0.6079545454545454
Month 04,2026-01-04,San Diego,False,True,27529,236,176,152.0,48,159164,0.008572777797958517,0.7457627118644068,0.6440677966101694
Month 04,2026-01-04,Orlando,False,True,25209,270,199,167.0,52,203068,0.010710460549803642,0.737037037037037,0.6185185185185185
Month 04,2026-01-04,Washington DC,False,True,29944,298,230,184.0,46,321081,0.009951910232433877,0.7718120805369127,0.6174496644295302
Month 04,2026-01-04,Boston,False,True,24939,311,245,198.0,31,148873,0.012470427843939211,0.7877813504823151,0.6366559485530546
Month 04,2026-01-04,Fresno,False,True,29905,248,176,151.0,46,300855,0.008292927604079585,0.7096774193548387,0.6088709677419355
Month 05,2026-02-04,Houston,False,False,49999,405,207,125.0,54,569866,0.008100162003240065,0.5111111111111111,0.30864197530864196
Month 05,2026-02-04,Los Angeles,False,False,54287,690,413,243.0,101,328278,0.012710225284138007,0.5985507246376811,0.3521739130434783
Month 05,2026-02-04,New York,False,False,54086,589,355,234.0,106,305578,0.010890063972192434,0.6027164685908319,0.39728353140916806
Month 05,2026-02-04,Chicago,False,False,42205,446,276,193.0,88,217948,0.010567468309442008,0.6188340807174888,0.4327354260089686
Month 05,2026-02-04,San Antonio,False,False,50230,530,327,228.0,96,382517,0.010551463268962771,0.6169811320754717,0.43018867924528303
Month 05,2026-02-04,Phoenix,False,False,41388,448,229,159.0,79,220508,0.010824393544022422,0.5111607142857143,0.3549107142857143
Month 05,2026-02-04,Dallas,False,False,47730,412,234,149.0,66,408808,0.008631887701655143,0.5679611650485437,0.3616504854368932
Month 05,2026-02-04,Miami,False,False,31108,264,176,125.0,35,204983,0.008486562942008486,0.6666666666666666,0.4734848484848485
Month 05,2026-02-04,Atlanta,False,False,33553,404,239,161.0,80,204556,0.012040652102643578,0.5915841584158416,0.39851485148514854
Month 05,2026-02-04,Philadelphia,False,False,32723,451,242,148.0,98,354451,0.013782354918558812,0.5365853658536586,0.328159645232816
Month 05,2026-02-04,Las Vegas,False,False,31363,313,188,124.0,42,240218,0.009979912635908555,0.6006389776357828,0.3961661341853035
Month 05,2026-02-04,Denver,False,False,30364,243,164,118.0,44,325408,0.008002898168884205,0.6748971193415638,0.48559670781893005
Month 05,2026-02-04,Detroit,False,False,35639,297,172,99.0,54,237289,0.008333567159572378,0.5791245791245792,0.3333333333333333
Month 05,2026-02-04,El Paso,False,False,40028,431,272,182.0,72,300235,0.01076746277605676,0.6310904872389791,0.4222737819025522
Month 05,2026-02-04,Sacramento,False,False,25095,207,111,68.0,21,168622,0.008248655110579798,0.5362318840579711,0.3285024154589372
Month 05,2026-02-04,San Diego,False,False,27969,271,162,110.0,53,193414,0.00968929886660231,0.5977859778597786,0.4059040590405904
Month 05,2026-02-04,Orlando,False,False,22617,294,188,127.0,41,207795,0.012999071494893221,0.6394557823129252,0.43197278911564624
Month 05,2026-02-04,Washington DC,False,False,32451,334,183,111.0,50,361279,0.010292440910911835,0.5479041916167665,0.3323353293413174
Month 05,2026-02-04,Boston,False,False,25003,308,187,127.0,48,281149,0.012318521777386713,0.6071428571428571,0.41233766233766234
Month 05,2026-02-04,Fresno,False,False,32161,342,202,133.0,38,343000,0.010633997699076522,0.5906432748538012,0.3888888888888889
Month 06,2026-03-04,Houston,True,True,73846,999,710,549.0,168,770356,0.013528153183652466,0.7107107107107107,0.5495495495495496
Month 06,2026-03-04,Los Angeles,True,True,78274,873,600,480.0,168,619152,0.011153128752842578,0.6872852233676976,0.5498281786941581
Month 06,2026-03-04,New York,True,True,47347,446,332,279.0,87,503207,0.009419815405411114,0.7443946188340808,0.625560538116592
Month 06,2026-03-04,Chicago,True,True,45834,380,287,232.0,61,260243,0.008290788497621852,0.7552631578947369,0.6105263157894737
Month 06,2026-03-04,San Antonio,True,True,71494,956,680,542.0,173,395733,0.013371751475648307,0.7112970711297071,0.5669456066945606
Month 06,2026-03-04,Phoenix,True,True,63020,631,484,417.0,77,322816,0.010012694382735639,0.7670364500792393,0.6608557844690967
Month 06,2026-03-04,Dallas,True,True,72228,583,380,322.0,63,638871,0.008071661959350945,0.6518010291595198,0.5523156089193825
Month 06,2026-03-04,Miami,True,True,41557,475,341,256.0,61,421000,0.011430083981038092,0.7178947368421053,0.5389473684210526
Month 06,2026-03-04,Atlanta,True,True,36096,473,364,305.0,77,397908,0.013103945035460992,0.7695560253699789,0.6448202959830867
Month 06,2026-03-04,Philadelphia,True,True,37134,475,351,257.0,103,318392,0.012791511822049873,0.7389473684210527,0.5410526315789473
Month 06,2026-03-04,Las Vegas,True,True,40536,489,392,301.0,85,454440,0.012063351095322677,0.8016359918200409,0.6155419222903885
Month 06,2026-03-04,Denver,True,True,30394,395,281,218.0,72,207424,0.012995986049878266,0.7113924050632912,0.5518987341772152
Month 06,2026-03-04,Detroit,True,True,31364,370,261,206.0,58,349155,0.011796964672873358,0.7054054054054054,0.5567567567567567
Month 06,2026-03-04,El Paso,True,True,52978,524,418,340.0,56,311041,0.009890898108648873,0.7977099236641222,0.648854961832061
Month 06,2026-03-04,Sacramento,True,True,25666,345,259,221.0,57,151724,0.013441907582015118,0.7507246376811594,0.6405797101449275
Month 06,2026-03-04,San Diego,True,True,33336,273,205,173.0,46,262347,0.008189344852411807,0.7509157509157509,0.6336996336996337
Month 06,2026-03-04,Orlando,True,True,24736,329,231,179.0,64,177198,0.013300452781371281,0.7021276595744681,0.5440729483282675
Month 06,2026-03-04,Washington DC,True,True,34519,332,239,183.0,51,214279,0.009617891595932675,0.7198795180722891,0.5512048192771084
Month 06,2026-03-04,Boston,True,True,22434,193,152,136.0,21,153787,0.008603013283409112,0.7875647668393783,0.7046632124352331
Month 06,2026-03-04,Fresno,True,True,45191,585,399,334.0,111,426684,0.012945055431391206,0.6820512820512821,0.5709401709401709
Month 07,2026-04-04,Houston,False,True,50870,598,443,330.0,108,547167,0.011755455081580499,0.7408026755852842,0.5518394648829431
Month 07,2026-04-04,Los Angeles,False,True,52183,568,376,293.0,87,324736,0.010884770902401164,0.6619718309859155,0.5158450704225352
Month 07,2026-04-04,New York,False,True,45229,373,282,236.0,56,381012,0.008246921223109067,0.7560321715817694,0.6327077747989276
Month 07,2026-04-04,Chicago,False,True,44421,502,379,309.0,77,276927,0.0113009612570631,0.7549800796812749,0.6155378486055777
Month 07,2026-04-04,San Antonio,False,True,51263,623,477,402.0,83,304075,0.012153014845014923,0.7656500802568218,0.6452648475120385
Month 07,2026-04-04,Phoenix,False,True,43368,575,369,282.0,84,251876,0.013258623870134661,0.6417391304347826,0.49043478260869566
Month 07,2026-04-04,Dallas,False,True,44729,604,456,385.0,75,466467,0.013503543562342105,0.7549668874172185,0.6374172185430463
Month 07,2026-04-04,Miami,False,True,36121,328,230,199.0,42,292601,0.009080590238365494,0.7012195121951219,0.6067073170731707
Month 07,2026-04-04,Atlanta,False,True,35416,341,263,234.0,69,399964,0.00962841653489948,0.7712609970674487,0.6862170087976539
Month 07,2026-04-04,Philadelphia,False,True,38291,523,386,344.0,99,249047,0.01365856206419263,0.7380497131931166,0.6577437858508605
Month 07,2026-04-04,Las Vegas,False,True,37285,344,265,226.0,41,423527,0.009226230387555318,0.7703488372093024,0.6569767441860465
Month 07,2026-04-04,Denver,False,True,30340,418,287,232.0,75,192589,0.013777191825972314,0.6866028708133971,0.5550239234449761
Month 07,2026-04-04,Detroit,False,True,30375,251,187,142.0,52,156500,0.008263374485596707,0.7450199203187251,0.5657370517928287
Month 07,2026-04-04,El Paso,False,True,42005,559,411,317.0,86,465809,0.013307939531008213,0.7352415026833632,0.5670840787119857
Month 07,2026-04-04,Sacramento,False,True,31335,318,220,,57,165015,0.010148396361895644,0.6918238993710691,
Month 07,2026-04-04,San Diego,False,True,33919,378,271,217.0,58,281642,0.011144196468056252,0.716931216931217,0.5740740740740741
Month 07,2026-04-04,Orlando,False,True,24909,311,231,180.0,46,272685,0.012485447027178931,0.7427652733118971,0.5787781350482315
Month 07,2026-04-04,Washington DC,False,True,28882,292,229,198.0,29,208386,0.010110103178450246,0.7842465753424658,0.678082191780822
Month 07,2026-04-04,Boston,False,True,23916,204,153,,41,252983,0.008529854490717512,0.75,
Month 07,2026-04-04,Fresno,False,True,31445,331,254,203.0,40,363412,0.010526315789473684,0.7673716012084593,0.6132930513595166
Month 08,2026-05-04,Houston,True,False,71318,759,482,300.0,154,660295,0.010642474550604335,0.6350461133069829,0.3952569169960474
Month 08,2026-05-04,Los Angeles,True,False,77934,995,606,353.0,200,915672,0.012767213283034363,0.6090452261306533,0.35477386934673366
Month 08,2026-05-04,New York,True,False,49378,500,269,163.0,86,517272,0.01012596702985135,0.538,0.326
Month 08,2026-05-04,Chicago,True,False,56957,786,437,293.0,109,603166,0.013799884123110416,0.5559796437659033,0.3727735368956743
Month 08,2026-05-04,San Antonio,True,False,75626,809,488,349.0,134,419985,0.010697379208208816,0.6032138442521632,0.43139678615574784
Month 08,2026-05-04,Phoenix,True,False,55786,704,447,341.0,141,506722,0.012619653676549672,0.6349431818181818,0.484375
Month 08,2026-05-04,Dallas,True,False,65824,724,433,292.0,93,685009,0.010999027710257656,0.5980662983425414,0.40331491712707185
Month 08,2026-05-04,Miami,True,False,37846,309,183,115.0,58,417138,0.008164667336046082,0.5922330097087378,0.37216828478964403
Month 08,2026-05-04,Atlanta,True,False,38804,438,234,171.0,61,209155,0.011287496134419131,0.5342465753424658,0.3904109589041096
Month 08,2026-05-04,Philadelphia,True,False,36814,444,268,167.0,73,216365,0.012060629108491336,0.6036036036036037,0.3761261261261261
Month 08,2026-05-04,Las Vegas,True,False,43124,420,240,149.0,91,364256,0.009739356274928114,0.5714285714285714,0.3547619047619048
Month 08,2026-05-04,Denver,True,False,31948,414,210,128.0,82,232396,0.01295855765619131,0.5072463768115942,0.30917874396135264
Month 08,2026-05-04,Detroit,True,False,31189,325,175,101.0,70,362162,0.010420340504665107,0.5384615384615384,0.31076923076923074
Month 08,2026-05-04,El Paso,True,False,55273,526,319,228.0,103,340910,0.009516400412497964,0.6064638783269962,0.43346007604562736
Month 08,2026-05-04,Sacramento,True,False,28511,297,202,148.0,46,266822,0.010417032022728069,0.6801346801346801,0.4983164983164983
Month 08,2026-05-04,San Diego,True,False,34988,294,172,114.0,33,206917,0.008402880987767234,0.5850340136054422,0.3877551020408163
Month 08,2026-05-04,Orlando,True,False,32491,439,253,165.0,81,336724,0.013511433935551383,0.5763097949886105,0.37585421412300685
Month 08,2026-05-04,Washington DC,True,False,34743,363,213,146.0,58,192436,0.010448147828339522,0.5867768595041323,0.4022038567493113
Month 08,2026-05-04,Boston,True,False,27661,252,161,102.0,35,291327,0.009110299699938542,0.6388888888888888,0.40476190476190477
Month 08,2026-05-04,Fresno,True,False,45654,630,398,285.0,71,442656,0.013799448022079117,0.6317460317460317,0.4523809523809524
Month 09,2026-06-04,Houston,False,True,65254,620,439,361.0,133,576588,0.009501333251601435,0.7080645161290322,0.582258064516129
Month 09,2026-06-04,Los Angeles,False,True,61882,689,487,411.0,90,580438,0.01113409392068776,0.706821480406386,0.5965166908563135
Month 09,2026-06-04,New York,False,True,54690,458,326,247.0,51,654870,0.00837447430974584,0.7117903930131004,0.5393013100436681
Month 09,2026-06-04,Chicago,False,True,53469,653,483,395.0,136,324294,0.01221268398511287,0.7396630934150077,0.6049004594180705
Month 09,2026-06-04,San Antonio,False,True,46521,633,482,374.0,135,503513,0.013606758238215,0.7614533965244866,0.5908372827804107
Month 09,2026-06-04,Phoenix,False,True,47629,460,331,270.0,84,491892,0.00965798148187029,0.7195652173913043,0.5869565217391305
Month 09,2026-06-04,Dallas,False,True,52968,476,341,246.0,75,487901,0.008986557921764084,0.7163865546218487,0.5168067226890757
Month 09,2026-06-04,Miami,False,True,40002,549,425,364.0,105,393296,0.013724313784310785,0.7741347905282332,0.663023679417122
Month 09,2026-06-04,Atlanta,False,True,35903,477,368,261.0,69,374302,0.013285797844191293,0.7714884696016772,0.5471698113207547
Month 09,2026-06-04,Philadelphia,False,True,40041,444,340,274.0,83,203068,0.011088634149996253,0.7657657657657657,0.6171171171171171
Month 09,2026-06-04,Las Vegas,False,True,38180,407,281,214.0,70,338791,0.010660031430068098,0.6904176904176904,0.5257985257985258
Month 09,2026-06-04,Denver,False,True,29118,265,175,132.0,54,151068,0.009100899787073288,0.660377358490566,0.4981132075471698
Month 09,2026-06-04,Detroit,False,True,31208,319,240,184.0,54,261674,0.01022173801589336,0.7523510971786834,0.5768025078369906
Month 09,2026-06-04,El Paso,False,True,38156,366,251,196.0,43,332861,0.009592200440297726,0.6857923497267759,0.5355191256830601
Month 09,2026-06-04,Sacramento,False,True,29415,384,282,209.0,74,183860,0.013054563997960225,0.734375,0.5442708333333334
Month 09,2026-06-04,San Diego,False,True,33005,377,265,,71,374632,0.011422511740645357,0.7029177718832891,
Month 09,2026-06-04,Orlando,False,True,29759,316,240,,42,186592,0.010618636378910582,0.759493670886076,
Month 09,2026-06-04,Washington DC,False,True,32222,260,195,155.0,31,241631,0.008069021165663211,0.75,0.5961538461538461
Month 09,2026-06-04,Boston,False,True,27992,256,195,162.0,38,193789,0.009145470134324093,0.76171875,0.6328125
Month 09,2026-06-04,Fresno,False,True,34811,452,342,273.0,83,375327,0.01298440148229008,0.7566371681415929,0.6039823008849557
Month 10,2026-07-04,Houston,False,True,63272,673,463,377.0,106,520959,0.01063661651283348,0.687964338781575,0.5601783060921248
Month 10,2026-07-04,Los Angeles,False,True,51118,501,354,298.0,72,610208,0.00980085292851833,0.7065868263473054,0.5948103792415169
Month 10,2026-07-04,New York,False,True,61402,581,458,398.0,110,626128,0.009462232500570013,0.7882960413080895,0.685025817555938
Month 10,2026-07-04,Chicago,False,True,54278,489,339,257.0,106,642931,0.009009174988024614,0.6932515337423313,0.5255623721881391
Month 10,2026-07-04,San Antonio,False,True,54758,447,340,278.0,65,433622,0.00816319076664597,0.7606263982102909,0.6219239373601789
Month 10,2026-07-04,Phoenix,False,True,47984,599,484,385.0,119,298739,0.012483327775925309,0.8080133555926544,0.6427378964941569
Month 10,2026-07-04,Dallas,False,True,51843,618,509,400.0,133,471925,0.011920606446386204,0.8236245954692557,0.6472491909385113
Month 10,2026-07-04,Miami,False,True,40857,371,259,201.0,69,395128,0.009080451330249406,0.6981132075471698,0.5417789757412399
Month 10,2026-07-04,Atlanta,False,True,41658,364,272,240.0,71,223826,0.008737817466032935,0.7472527472527473,0.6593406593406593
Month 10,2026-07-04,Philadelphia,False,True,42070,346,270,,61,362519,0.008224387924887094,0.7803468208092486,
Month 10,2026-07-04,Las Vegas,False,True,34256,294,206,169.0,43,331906,0.008582438113031294,0.7006802721088435,0.5748299319727891
Month 10,2026-07-04,Denver,False,True,32359,344,250,181.0,64,221502,0.01063073642572391,0.7267441860465116,0.5261627906976745
Month 10,2026-07-04,Detroit,False,True,33847,459,292,218.0,64,368785,0.013561024610748368,0.6361655773420479,0.4749455337690632
Month 10,2026-07-04,El Paso,False,True,37733,494,359,322.0,63,451981,0.013091988445127607,0.7267206477732794,0.6518218623481782
Month 10,2026-07-04,Sacramento,False,True,33141,329,217,172.0,50,388791,0.009927280407953895,0.6595744680851063,0.5227963525835866
Month 10,2026-07-04,San Diego,False,True,33637,280,210,164.0,29,388419,0.008324166840086808,0.75,0.5857142857142857
Month 10,2026-07-04,Orlando,False,True,33346,321,250,207.0,58,185080,0.009626341990043783,0.778816199376947,0.6448598130841121
Month 10,2026-07-04,Washington DC,False,True,37160,412,278,229.0,90,375248,0.01108719052744887,0.6747572815533981,0.5558252427184466
Month 10,2026-07-04,Boston,False,True,30535,279,192,155.0,28,170072,0.009137055837563452,0.6881720430107527,0.5555555555555556
Month 10,2026-07-04,Fresno,False,True,36307,393,291,231.0,75,370342,0.010824358939047566,0.7404580152671756,0.5877862595419847
Month 11,2026-08-04,Houston,False,False,58663,609,327,206.0,127,699756,0.010381330651347527,0.5369458128078818,0.33825944170771755
Month 11,2026-08-04,Los Angeles,False,False,61258,568,363,269.0,102,562079,0.009272258317281009,0.6390845070422535,0.4735915492957746
Month 11,2026-08-04,New York,False,False,60780,585,350,217.0,60,637772,0.0096248766041461,0.5982905982905983,0.37094017094017095
Month 11,2026-08-04,Chicago,False,False,53342,654,380,231.0,121,556423,0.01226050766750403,0.581039755351682,0.3532110091743119
Month 11,2026-08-04,San Antonio,False,False,62588,520,290,189.0,108,529657,0.008308301910909439,0.5576923076923077,0.36346153846153845
Month 11,2026-08-04,Phoenix,False,False,45980,423,268,202.0,48,518313,0.00919965202261853,0.6335697399527187,0.47754137115839246
Month 11,2026-08-04,Dallas,False,False,65749,671,337,209.0,132,446608,0.010205478410318028,0.5022354694485842,0.3114754098360656
Month 11,2026-08-04,Miami,False,False,47195,639,415,283.0,117,480195,0.013539569869689586,0.6494522691705791,0.4428794992175274
Month 11,2026-08-04,Atlanta,False,False,37601,518,303,174.0,72,366058,0.013776229355602245,0.584942084942085,0.3359073359073359
Month 11,2026-08-04,Philadelphia,False,False,39536,403,265,156.0,73,387812,0.010193241602590044,0.6575682382133995,0.3870967741935484
Month 11,2026-08-04,Las Vegas,False,False,47075,456,263,165.0,89,474433,0.009686670207116303,0.5767543859649122,0.3618421052631579
Month 11,2026-08-04,Denver,False,False,29795,328,171,104.0,60,305217,0.01100855848296694,0.5213414634146342,0.3170731707317073
Month 11,2026-08-04,Detroit,False,False,36568,329,202,132.0,43,207613,0.008996937212863706,0.6139817629179332,0.4012158054711246
Month 11,2026-08-04,El Paso,False,False,49430,616,374,250.0,104,487500,0.012462067570301437,0.6071428571428571,0.40584415584415584
Month 11,2026-08-04,Sacramento,False,False,34266,422,259,173.0,87,300627,0.012315414696783985,0.6137440758293838,0.4099526066350711
Month 11,2026-08-04,San Diego,False,False,37950,323,213,144.0,69,277644,0.008511198945981555,0.6594427244582043,0.4458204334365325
Month 11,2026-08-04,Orlando,False,False,28163,337,205,148.0,47,230143,0.011966054752689699,0.6083086053412463,0.4391691394658754
Month 11,2026-08-04,Washington DC,False,False,32924,280,162,105.0,44,277897,0.008504434455108735,0.5785714285714286,0.375
Month 11,2026-08-04,Boston,False,False,27801,355,202,136.0,60,308723,0.012769324844430056,0.5690140845070423,0.38309859154929576
Month 11,2026-08-04,Fresno,False,False,35594,343,202,135.0,36,229416,0.009636455582401528,0.5889212827988338,0.3935860058309038
Month 12,2026-09-04,Houston,False,True,52767,450,312,237.0,79,625232,0.008528057308545113,0.6933333333333334,0.5266666666666666
Month 12,2026-09-04,Los Angeles,False,True,62983,576,427,316.0,79,691380,0.00914532492894908,0.7413194444444444,0.5486111111111112
Month 12,2026-09-04,New York,False,True,53424,578,420,335.0,59,413270,0.010819107517220724,0.726643598615917,0.5795847750865052
Month 12,2026-09-04,Chicago,False,True,57208,622,481,398.0,100,325056,0.010872605230037757,0.7733118971061094,0.639871382636656
Month 12,2026-09-04,San Antonio,False,True,58245,532,369,286.0,62,345096,0.00913383123014851,0.693609022556391,0.5375939849624061
Month 12,2026-09-04,Phoenix,False,True,53715,717,576,457.0,88,395824,0.013348226752303826,0.803347280334728,0.6373779637377964
Month 12,2026-09-04,Dallas,False,True,48261,660,461,379.0,68,318153,0.01367563871448996,0.6984848484848485,0.5742424242424242
Month 12,2026-09-04,Miami,False,True,41198,521,409,331.0,98,421837,0.012646244963347736,0.7850287907869482,0.6353166986564299
Month 12,2026-09-04,Atlanta,False,True,40716,340,259,206.0,62,444144,0.008350525591904903,0.7617647058823529,0.6058823529411764
Month 12,2026-09-04,Philadelphia,False,True,40494,371,291,263.0,75,309198,0.009161851138440263,0.784366576819407,0.7088948787061995
Month 12,2026-09-04,Las Vegas,False,True,41911,573,466,383.0,74,330057,0.01367182839827253,0.8132635253054101,0.6684118673647469
Month 12,2026-09-04,Denver,False,True,32854,371,284,229.0,63,364662,0.011292384488951117,0.7654986522911051,0.6172506738544474
Month 12,2026-09-04,Detroit,False,True,34038,280,219,187.0,50,372737,0.008226100240907221,0.7821428571428571,0.6678571428571428
Month 12,2026-09-04,El Paso,False,True,49122,436,317,246.0,70,550242,0.008875860103415985,0.7270642201834863,0.5642201834862385
Month 12,2026-09-04,Sacramento,False,True,36744,364,254,204.0,55,251084,0.009906379272806444,0.6978021978021978,0.5604395604395604
Month 12,2026-09-04,San Diego,False,True,31074,301,224,188.0,44,263005,0.009686554675934865,0.7441860465116279,0.6245847176079734
Month 12,2026-09-04,Orlando,False,True,33594,270,182,145.0,54,368594,0.008037149490980533,0.674074074074074,0.5370370370370371
Month 12,2026-09-04,Washington DC,False,True,35392,487,363,299.0,81,206947,0.013760171790235082,0.7453798767967146,0.6139630390143738
Month 12,2026-09-04,Boston,False,True,29978,277,210,168.0,41,351109,0.00924010941356995,0.7581227436823105,0.6064981949458483
Month 12,2026-09-04,Fresno,False,True,35039,459,346,278.0,95,357910,0.01309968891806273,0.7538126361655774,0.6056644880174292
