Event_ID,Country,Live_Viewers,Avg_Minutes_Watched,New_Signups,PPV_Buys,Est_Illegal_Streams,Social_Video_Views,Broadcast,Main_Event_Start_ET,Combined_Star_Power,Event_Country,Headliner_A_Country,Headliner_B_Country,Local_Main_Event_Hour,Overnight_Slot
EV001,United States,1363954,60.6,,0,305664,11152753,Subscription,17.0,14,Saudi Arabia,United Kingdom,United States,17.0,False
EV001,United Kingdom,667569,72.2,19869.0,0,198308,4570391,Subscription,17.0,14,Saudi Arabia,United Kingdom,United States,22.0,False
EV001,Mexico,185962,84.9,2451.0,0,116968,1321943,Subscription,17.0,14,Saudi Arabia,United Kingdom,United States,16.0,False
EV001,Canada,67758,97.0,1548.0,0,16937,473523,Subscription,17.0,14,Saudi Arabia,United Kingdom,United States,17.0,False
EV001,Ireland,27287,85.2,748.0,0,5014,183170,Subscription,17.0,14,Saudi Arabia,United Kingdom,United States,22.0,False
EV001,Spain,26513,65.8,393.0,0,8802,364918,Subscription,17.0,14,Saudi Arabia,United Kingdom,United States,23.0,False
EV001,Germany,29618,80.8,686.0,0,9285,328455,Subscription,17.0,14,Saudi Arabia,United Kingdom,United States,23.0,False
EV001,Saudi Arabia,18143,78.3,211.0,0,6812,181442,Subscription,17.0,14,Saudi Arabia,United Kingdom,United States,0.0,False
EV001,Australia,41270,51.0,,0,7781,481331,Subscription,17.0,14,Saudi Arabia,United Kingdom,United States,8.0,False
EV001,Japan,22236,73.6,638.0,0,4428,287646,Subscription,17.0,14,Saudi Arabia,United Kingdom,United States,6.0,True
EV002,United States,1301156,59.9,18081.0,0,244756,14475279,Subscription,17.5,14,Ireland,United States,United States,17.5,False
EV002,United Kingdom,299245,79.0,5588.0,0,78316,3064702,Subscription,17.5,14,Ireland,United States,United States,22.5,False
EV002,Mexico,203203,88.8,3032.0,0,123383,1353449,Subscription,17.5,14,Ireland,United States,United States,16.5,False
EV002,Canada,64173,87.1,1072.0,0,15466,700818,Subscription,17.5,14,Ireland,United States,United States,17.5,False
EV002,Ireland,43358,59.4,602.0,0,9520,440729,Subscription,17.5,14,Ireland,United States,United States,22.5,False
EV002,Spain,21452,43.4,570.0,0,7558,270849,Subscription,17.5,14,Ireland,United States,United States,23.5,False
EV002,Germany,28307,71.8,329.0,0,9377,296708,Subscription,17.5,14,Ireland,United States,United States,23.5,False
EV002,Saudi Arabia,16919,66.6,458.0,0,7241,132810,Subscription,17.5,14,Ireland,United States,United States,0.5,False
EV002,Australia,46754,82.8,1166.0,0,12472,354569,Subscription,17.5,14,Ireland,United States,United States,8.5,False
EV002,Japan,20376,39.8,572.0,0,4285,265461,Subscription,17.5,14,Ireland,United States,United States,6.5,True
EV003,United States,512930,80.8,10343.0,0,113735,4596521,Subscription,17.5,14,United Kingdom,Ireland,Australia,17.5,False
EV003,United Kingdom,448038,57.0,7905.0,0,138328,5274453,Subscription,17.5,14,United Kingdom,Ireland,Australia,22.5,False
EV003,Mexico,200528,72.0,2307.0,0,111277,2253558,Subscription,17.5,14,United Kingdom,Ireland,Australia,16.5,False
EV003,Canada,51406,33.2,536.0,0,12088,567131,Subscription,17.5,14,United Kingdom,Ireland,Australia,17.5,False
EV003,Ireland,78710,55.0,870.0,0,11628,755777,Subscription,17.5,14,United Kingdom,Ireland,Australia,22.5,False
EV003,Spain,30135,67.7,421.0,0,9727,202897,Subscription,17.5,14,United Kingdom,Ireland,Australia,23.5,False
EV003,Germany,27803,51.5,525.0,0,10922,171377,Subscription,17.5,14,United Kingdom,Ireland,Australia,23.5,False
EV003,Saudi Arabia,16110,75.2,348.0,0,4774,136135,Subscription,17.5,14,United Kingdom,Ireland,Australia,0.5,False
EV003,Australia,130906,69.1,2053.0,0,31254,1254807,Subscription,17.5,14,United Kingdom,Ireland,Australia,8.5,False
EV003,Japan,15862,61.8,183.0,0,3052,99278,Subscription,17.5,14,United Kingdom,Ireland,Australia,6.5,True
EV004,United States,1024434,78.0,30478.0,0,233243,7318378,Subscription,17.0,11,Saudi Arabia,Mexico,United States,17.0,False
EV004,United Kingdom,263314,65.3,4654.0,0,87693,2774421,Subscription,17.0,11,Saudi Arabia,Mexico,United States,22.0,False
EV004,Mexico,367830,57.7,7758.0,0,177584,2880506,Subscription,17.0,11,Saudi Arabia,Mexico,United States,16.0,False
EV004,Canada,53393,69.8,1029.0,0,13015,342707,Subscription,17.0,11,Saudi Arabia,Mexico,United States,17.0,False
EV004,Ireland,19672,60.3,289.0,0,4148,162843,Subscription,17.0,11,Saudi Arabia,Mexico,United States,22.0,False
EV004,Spain,24779,66.6,331.0,0,7963,242873,Subscription,17.0,11,Saudi Arabia,Mexico,United States,23.0,False
EV004,Germany,22730,88.5,288.0,0,6295,278016,Subscription,17.0,11,Saudi Arabia,Mexico,United States,23.0,False
EV004,Saudi Arabia,21150,81.6,625.0,0,9671,188791,Subscription,17.0,11,Saudi Arabia,Mexico,United States,0.0,False
EV004,Australia,40732,67.5,1065.0,0,9911,370570,Subscription,17.0,11,Saudi Arabia,Mexico,United States,8.0,False
EV004,Japan,23039,46.4,576.0,0,4847,316413,Subscription,17.0,11,Saudi Arabia,Mexico,United States,6.0,True
EV005,United States,989397,62.4,20784.0,0,199671,10732394,Subscription,23.0,14,United States,Australia,United States,23.0,False
EV005,United Kingdom,111485,55.5,,0,38536,1425890,Subscription,23.0,14,United States,Australia,United States,4.0,True
EV005,Mexico,184939,59.0,4976.0,0,100756,1984989,Subscription,23.0,14,United States,Australia,United States,22.0,False
EV005,Canada,33973,46.7,695.0,0,6351,210287,Subscription,23.0,14,United States,Australia,United States,23.0,False
EV005,Ireland,11756,39.1,212.0,0,2132,81363,Subscription,23.0,14,United States,Australia,United States,4.0,True
EV005,Spain,11437,51.3,310.0,0,4508,78567,Subscription,23.0,14,United States,Australia,United States,5.0,True
EV005,Germany,13821,54.8,313.0,0,4560,92305,Subscription,23.0,14,United States,Australia,United States,5.0,True
EV005,Saudi Arabia,6821,31.6,92.0,0,3066,56431,Subscription,23.0,14,United States,Australia,United States,6.0,True
EV005,Australia,130200,104.6,1873.0,0,31431,866815,Subscription,23.0,14,United States,Australia,United States,14.0,False
EV005,Japan,56585,63.1,1157.0,0,10901,579729,Subscription,23.0,14,United States,Australia,United States,12.0,False
EV006,United States,703998,51.9,20922.0,0,124770,5773383,Subscription,23.0,11,United States,United States,United States,23.0,False
EV006,United Kingdom,68960,58.9,906.0,0,22370,428751,Subscription,23.0,11,United States,United States,United States,4.0,True
EV006,Mexico,129808,44.4,3492.0,0,62273,1159723,Subscription,23.0,11,United States,United States,United States,22.0,False
EV006,Canada,30209,62.5,513.0,0,7934,406714,Subscription,23.0,11,United States,United States,United States,23.0,False
EV006,Ireland,6478,48.3,180.0,0,1774,57412,Subscription,23.0,11,United States,United States,United States,4.0,True
EV006,Spain,7387,46.5,175.0,0,2562,50788,Subscription,23.0,11,United States,United States,United States,5.0,True
EV006,Germany,9738,65.0,162.0,0,2846,83283,Subscription,23.0,11,United States,United States,United States,5.0,True
EV006,Saudi Arabia,5948,43.3,140.0,0,2405,43286,Subscription,23.0,11,United States,United States,United States,6.0,True
EV006,Australia,29457,64.9,867.0,0,8763,385348,Subscription,23.0,11,United States,United States,United States,14.0,False
EV006,Japan,44428,69.1,1067.0,0,6207,558136,Subscription,23.0,11,United States,United States,United States,12.0,False
EV007,United States,562544,73.5,16573.0,0,118598,4625291,Subscription,17.5,13,United Kingdom,Ireland,Japan,17.5,False
EV007,United Kingdom,315448,66.2,5912.0,0,72552,2477501,Subscription,17.5,13,United Kingdom,Ireland,Japan,22.5,False
EV007,Mexico,187795,87.6,2175.0,0,73189,2432117,Subscription,17.5,13,United Kingdom,Ireland,Japan,16.5,False
EV007,Canada,54057,72.7,769.0,0,15426,497047,Subscription,17.5,13,United Kingdom,Ireland,Japan,17.5,False
EV007,Ireland,64366,88.8,1337.0,0,16223,703406,Subscription,17.5,13,United Kingdom,Ireland,Japan,22.5,False
EV007,Spain,16382,58.6,398.0,0,5820,108344,Subscription,17.5,13,United Kingdom,Ireland,Japan,23.5,False
EV007,Germany,30795,75.6,639.0,0,10478,221705,Subscription,17.5,13,United Kingdom,Ireland,Japan,23.5,False
EV007,Saudi Arabia,10877,41.0,136.0,0,4525,92743,Subscription,17.5,13,United Kingdom,Ireland,Japan,0.5,False
EV007,Australia,41374,52.6,989.0,0,9663,307201,Subscription,17.5,13,United Kingdom,Ireland,Japan,8.5,False
EV007,Japan,60297,48.7,1383.0,0,6566,826318,Subscription,17.5,13,United Kingdom,Ireland,Japan,6.5,True
EV008,United States,779846,58.7,33410.0,428915,571750,7928685,PPV,23.0,15,United States,United States,Japan,23.0,False
EV008,United Kingdom,80935,54.1,2279.0,44514,98871,664966,PPV,23.0,15,United States,United States,Japan,4.0,True
EV008,Mexico,162014,79.3,5109.0,89107,322523,2138409,PPV,23.0,15,United States,United States,Japan,22.0,False
EV008,Canada,30086,48.9,1343.0,16547,37766,388143,PPV,23.0,15,United States,United States,Japan,23.0,False
EV008,Ireland,6963,45.3,299.0,3829,7726,95544,PPV,23.0,15,United States,United States,Japan,4.0,True
EV008,Spain,10541,46.3,634.0,5797,16076,89302,PPV,23.0,15,United States,United States,Japan,5.0,True
EV008,Germany,11204,43.8,531.0,6162,15357,80024,PPV,23.0,15,United States,United States,Japan,5.0,True
EV008,Saudi Arabia,5477,50.7,137.0,3012,10072,67255,PPV,23.0,15,United States,United States,Japan,6.0,True
EV008,Australia,37295,63.8,2111.0,20512,43066,360420,PPV,23.0,15,United States,United States,Japan,14.0,False
EV008,Japan,126312,65.2,8211.0,69471,89306,1630217,PPV,23.0,15,United States,United States,Japan,12.0,False
EV009,United States,404939,80.4,19097.0,222716,367009,2768080,PPV,23.0,15,United States,Mexico,Australia,23.0,False
EV009,United Kingdom,98785,47.1,4645.0,54331,124730,731627,PPV,23.0,15,United States,Mexico,Australia,4.0,True
EV009,Mexico,393138,73.9,24240.0,216225,874600,3444109,PPV,23.0,15,United States,Mexico,Australia,22.0,False
EV009,Canada,29726,50.7,1659.0,16349,41062,402246,PPV,23.0,15,United States,Mexico,Australia,23.0,False
EV009,Ireland,8604,41.5,554.0,4732,9305,71013,PPV,23.0,15,United States,Mexico,Australia,4.0,True
EV009,Spain,10063,41.2,447.0,5534,11605,107132,PPV,23.0,15,United States,Mexico,Australia,5.0,True
EV009,Germany,11569,69.4,620.0,6362,13076,138427,PPV,23.0,15,United States,Mexico,Australia,5.0,True
EV009,Saudi Arabia,6012,51.6,159.0,3306,12387,70987,PPV,23.0,15,United States,Mexico,Australia,6.0,True
EV009,Australia,79531,68.3,3353.0,43742,67522,592714,PPV,23.0,15,United States,Mexico,Australia,14.0,False
EV009,Japan,55522,87.4,1323.0,30537,24166,453611,PPV,23.0,15,United States,Mexico,Australia,12.0,False
EV010,United States,843697,60.4,14451.0,0,178492,6749576,Subscription,23.0,13,United States,United States,United States,23.0,False
EV010,United Kingdom,79712,48.2,1540.0,0,18790,1064580,Subscription,23.0,13,United States,United States,United States,4.0,True
EV010,Mexico,174986,87.9,2818.0,0,86333,2414745,Subscription,23.0,13,United States,United States,United States,22.0,False
EV010,Canada,33819,44.9,643.0,0,9688,382286,Subscription,23.0,13,United States,United States,United States,23.0,False
EV010,Ireland,11324,51.5,334.0,0,3208,150847,Subscription,23.0,13,United States,United States,United States,4.0,True
EV010,Spain,9443,51.1,127.0,0,3487,101809,Subscription,23.0,13,United States,United States,United States,5.0,True
EV010,Germany,12748,56.0,267.0,0,3986,96672,Subscription,23.0,13,United States,United States,United States,5.0,True
EV010,Saudi Arabia,7037,53.5,185.0,0,2595,74905,Subscription,23.0,13,United States,United States,United States,6.0,True
EV010,Australia,35403,78.6,784.0,0,7469,254639,Subscription,23.0,13,United States,United States,United States,14.0,False
EV010,Japan,53898,64.5,1026.0,0,12059,505241,Subscription,23.0,13,United States,United States,United States,12.0,False
EV011,United States,422963,78.7,12077.0,232629,379941,5669004,PPV,23.0,16,United States,Mexico,United Kingdom,23.0,False
EV011,United Kingdom,311866,41.2,18488.0,171526,226363,2696452,PPV,23.0,16,United States,Mexico,United Kingdom,4.0,True
EV011,Mexico,571249,44.6,22601.0,314186,1008971,6420755,PPV,23.0,16,United States,Mexico,United Kingdom,22.0,False
EV011,Canada,44686,55.1,1624.0,24577,35892,436574,PPV,23.0,16,United States,Mexico,United Kingdom,23.0,False
EV011,Ireland,13805,23.1,892.0,7592,10638,192506,PPV,23.0,16,United States,Mexico,United Kingdom,4.0,True
EV011,Spain,13929,61.6,330.0,7660,21630,190486,PPV,23.0,16,United States,Mexico,United Kingdom,5.0,True
EV011,Germany,14526,64.1,740.0,7989,16083,188161,PPV,23.0,16,United States,Mexico,United Kingdom,5.0,True
EV011,Saudi Arabia,6955,61.7,226.0,3825,14233,88909,PPV,23.0,16,United States,Mexico,United Kingdom,6.0,True
EV011,Australia,51684,40.2,1844.0,28426,55232,417308,PPV,23.0,16,United States,Mexico,United Kingdom,14.0,False
EV011,Japan,63616,59.8,1612.0,34988,31737,656566,PPV,23.0,16,United States,Mexico,United Kingdom,12.0,False
EV012,United States,1137527,64.7,18625.0,0,254306,15086878,Subscription,17.0,13,Saudi Arabia,United States,United Kingdom,17.0,False
EV012,United Kingdom,703127,77.8,11496.0,0,219868,6499449,Subscription,17.0,13,Saudi Arabia,United States,United Kingdom,22.0,False
EV012,Mexico,150357,29.9,4443.0,0,81350,910080,Subscription,17.0,13,Saudi Arabia,United States,United Kingdom,16.0,False
EV012,Canada,53919,91.1,612.0,0,15456,579779,Subscription,17.0,13,Saudi Arabia,United States,United Kingdom,17.0,False
EV012,Ireland,33181,52.8,637.0,0,7011,403714,Subscription,17.0,13,Saudi Arabia,United States,United Kingdom,22.0,False
EV012,Spain,25482,43.8,638.0,0,6509,317883,Subscription,17.0,13,Saudi Arabia,United States,United Kingdom,23.0,False
EV012,Germany,20743,39.9,318.0,0,6374,208937,Subscription,17.0,13,Saudi Arabia,United States,United Kingdom,23.0,False
EV012,Saudi Arabia,21613,80.3,563.0,0,9451,243953,Subscription,17.0,13,Saudi Arabia,United States,United Kingdom,0.0,False
EV012,Australia,38739,83.5,951.0,0,8831,431834,Subscription,17.0,13,Saudi Arabia,United States,United Kingdom,8.0,False
EV012,Japan,16829,48.4,,0,2717,190281,Subscription,17.0,13,Saudi Arabia,United States,United Kingdom,6.0,True
EV013,United States,1021515,62.6,27431.0,0,235311,11298166,Subscription,23.0,12,United States,United States,United States,23.0,False
EV013,United Kingdom,92961,38.1,1477.0,0,27367,1263871,Subscription,23.0,12,United States,United States,United States,4.0,True
EV013,Mexico,167948,26.9,4055.0,0,104200,1126509,Subscription,23.0,12,United States,United States,United States,22.0,False
EV013,Canada,46877,57.0,895.0,0,10420,345189,Subscription,23.0,12,United States,United States,United States,23.0,False
EV013,Ireland,11531,42.4,162.0,0,3016,122627,Subscription,23.0,12,United States,United States,United States,4.0,True
EV013,Spain,13906,55.7,326.0,0,4097,137115,Subscription,23.0,12,United States,United States,United States,5.0,True
EV013,Germany,14597,62.0,405.0,0,5469,156320,Subscription,23.0,12,United States,United States,United States,5.0,True
EV013,Saudi Arabia,9414,70.6,100.0,0,3790,66592,Subscription,23.0,12,United States,United States,United States,6.0,True
EV013,Australia,47024,64.3,1027.0,0,7744,534638,Subscription,23.0,12,United States,United States,United States,14.0,False
EV013,Japan,54205,63.0,548.0,0,12125,610117,Subscription,23.0,12,United States,United States,United States,12.0,False
EV014,United States,961108,65.2,45498.0,528609,568461,7584718,PPV,17.5,15,United Kingdom,United States,Ireland,17.5,False
EV014,United Kingdom,243261,53.2,10591.0,133793,271165,2376024,PPV,17.5,15,United Kingdom,United States,Ireland,22.5,False
EV014,Mexico,158363,83.5,9954.0,87099,417268,2209433,PPV,17.5,15,United Kingdom,United States,Ireland,16.5,False
EV014,Canada,50275,71.3,3064.0,27651,51268,613054,PPV,17.5,15,United Kingdom,United States,Ireland,17.5,False
EV014,Ireland,63098,88.8,2192.0,34703,58566,616957,PPV,17.5,15,United Kingdom,United States,Ireland,22.5,False
EV014,Spain,22951,49.2,1146.0,12623,23694,158044,PPV,17.5,15,United Kingdom,United States,Ireland,23.5,False
EV014,Germany,27799,78.5,1239.0,15289,39352,346933,PPV,17.5,15,United Kingdom,United States,Ireland,23.5,False
EV014,Saudi Arabia,12793,44.2,818.0,7036,25327,82442,PPV,17.5,15,United Kingdom,United States,Ireland,0.5,False
EV014,Australia,37399,34.4,2188.0,20569,39982,243159,PPV,17.5,15,United Kingdom,United States,Ireland,8.5,False
EV014,Japan,17264,63.4,980.0,9495,14388,208308,PPV,17.5,15,United Kingdom,United States,Ireland,6.5,True
EV015,United States,1383733,59.9,21634.0,0,274732,8797589,Subscription,23.0,13,United States,United States,United Kingdom,23.0,False
EV015,United Kingdom,321718,45.8,9468.0,0,97910,4487219,Subscription,23.0,13,United States,United States,United Kingdom,4.0,True
EV015,Mexico,214646,70.7,5999.0,0,115412,2662425,Subscription,23.0,13,United States,United States,United Kingdom,22.0,False
EV015,Canada,68689,69.7,1218.0,0,17389,568440,Subscription,23.0,13,United States,United States,United Kingdom,23.0,False
EV015,Ireland,10440,34.6,189.0,0,2469,139273,Subscription,23.0,13,United States,United States,United Kingdom,4.0,True
EV015,Spain,15987,50.0,244.0,0,6062,166920,Subscription,23.0,13,United States,United States,United Kingdom,5.0,True
EV015,Germany,15819,38.4,422.0,0,4926,183345,Subscription,23.0,13,United States,United States,United Kingdom,5.0,True
EV015,Saudi Arabia,8976,50.4,131.0,0,3729,58674,Subscription,23.0,13,United States,United States,United Kingdom,6.0,True
EV015,Australia,65928,72.3,839.0,0,14266,649373,Subscription,23.0,13,United States,United States,United Kingdom,14.0,False
EV015,Japan,80970,46.8,1954.0,0,17589,844218,Subscription,23.0,13,United States,United States,United Kingdom,12.0,False
EV016,United States,521719,67.8,6347.0,0,98321,6808183,Subscription,23.0,14,United States,Japan,Ireland,23.0,False
EV016,United Kingdom,112622,51.1,3046.0,0,30154,866851,Subscription,23.0,14,United States,Japan,Ireland,4.0,True
EV016,Mexico,285201,71.5,8378.0,0,172387,3935266,Subscription,23.0,14,United States,Japan,Ireland,22.0,False
EV016,Canada,61172,66.7,1118.0,0,16653,807680,Subscription,23.0,14,United States,Japan,Ireland,23.0,False
EV016,Ireland,43223,48.8,590.0,0,9467,473973,Subscription,23.0,14,United States,Japan,Ireland,4.0,True
EV016,Spain,15792,47.1,232.0,0,4619,153821,Subscription,23.0,14,United States,Japan,Ireland,5.0,True
EV016,Germany,21830,52.7,345.0,0,6786,150744,Subscription,23.0,14,United States,Japan,Ireland,5.0,True
EV016,Saudi Arabia,9765,72.5,174.0,0,3456,72593,Subscription,23.0,14,United States,Japan,Ireland,6.0,True
EV016,Australia,55079,68.3,1553.0,0,6503,659582,Subscription,23.0,14,United States,Japan,Ireland,14.0,False
EV016,Japan,214685,54.7,2442.0,0,39442,2545570,Subscription,23.0,14,United States,Japan,Ireland,12.0,False
EV017,United States,975843,64.4,18468.0,0,199230,6605861,Subscription,23.0,13,United States,United States,United Kingdom,23.0,False
EV017,United Kingdom,188545,74.3,5598.0,0,58953,2423358,Subscription,23.0,13,United States,United States,United Kingdom,4.0,True
EV017,Mexico,176337,52.7,4390.0,0,99632,1265578,Subscription,23.0,13,United States,United States,United Kingdom,22.0,False
EV017,Canada,37930,82.7,504.0,0,8755,266182,Subscription,23.0,13,United States,United States,United Kingdom,23.0,False
EV017,Ireland,8361,39.0,205.0,0,2211,80018,Subscription,23.0,13,United States,United States,United Kingdom,4.0,True
EV017,Spain,12375,28.7,,0,4597,161071,Subscription,23.0,13,United States,United States,United Kingdom,5.0,True
EV017,Germany,13209,54.7,303.0,0,5126,101636,Subscription,23.0,13,United States,United States,United Kingdom,5.0,True
EV017,Saudi Arabia,5756,47.4,97.0,0,3004,50500,Subscription,23.0,13,United States,United States,United Kingdom,6.0,True
EV017,Australia,38856,47.0,527.0,0,11412,510700,Subscription,23.0,13,United States,United States,United Kingdom,14.0,False
EV017,Japan,46713,96.9,1140.0,0,9455,360621,Subscription,23.0,13,United States,United States,United Kingdom,12.0,False
EV018,United States,885528,31.7,25012.0,0,197200,6874508,Subscription,23.0,12,United States,United States,Australia,23.0,False
EV018,United Kingdom,69061,50.2,1232.0,0,21139,535162,Subscription,23.0,12,United States,United States,Australia,4.0,True
EV018,Mexico,139521,83.9,2372.0,0,71190,1613965,Subscription,23.0,12,United States,United States,Australia,22.0,False
EV018,Canada,30114,47.9,426.0,0,7883,407512,Subscription,23.0,12,United States,United States,Australia,23.0,False
EV018,Ireland,8012,60.9,185.0,0,1404,92083,Subscription,23.0,12,United States,United States,Australia,4.0,True
EV018,Spain,8068,67.4,95.0,0,3036,50077,Subscription,23.0,12,United States,United States,Australia,5.0,True
EV018,Germany,9963,58.4,145.0,0,2051,92003,Subscription,23.0,12,United States,United States,Australia,5.0,True
EV018,Saudi Arabia,4889,25.0,51.0,0,1991,57970,Subscription,23.0,12,United States,United States,Australia,6.0,True
EV018,Australia,88286,85.1,1327.0,0,20644,789121,Subscription,23.0,12,United States,United States,Australia,14.0,False
EV018,Japan,43011,64.8,636.0,0,8361,367451,Subscription,23.0,12,United States,United States,Australia,12.0,False
EV019,United States,547282,37.2,7562.0,0,147217,5399593,Subscription,6.0,14,Australia,United Kingdom,United States,6.0,True
EV019,United Kingdom,963301,76.1,14284.0,0,346912,6604441,Subscription,6.0,14,Australia,United Kingdom,United States,11.0,False
EV019,Mexico,67322,53.8,1652.0,0,38309,575817,Subscription,6.0,14,Australia,United Kingdom,United States,5.0,True
EV019,Canada,29103,43.4,767.0,0,6205,393152,Subscription,6.0,14,Australia,United Kingdom,United States,6.0,True
EV019,Ireland,36169,88.6,445.0,0,7744,453172,Subscription,6.0,14,Australia,United Kingdom,United States,11.0,False
EV019,Spain,54918,45.9,917.0,0,24331,558653,Subscription,6.0,14,Australia,United Kingdom,United States,12.0,False
EV019,Germany,43943,92.1,600.0,0,15084,348534,Subscription,6.0,14,Australia,United Kingdom,United States,12.0,False
EV019,Saudi Arabia,27019,86.1,278.0,0,13062,174109,Subscription,6.0,14,Australia,United Kingdom,United States,13.0,False
EV019,Australia,79444,63.5,1466.0,0,20264,500041,Subscription,6.0,14,Australia,United Kingdom,United States,21.0,False
EV019,Japan,71152,69.3,1271.0,0,10749,628027,Subscription,6.0,14,Australia,United Kingdom,United States,19.0,False
EV020,United States,362654,95.2,18495.0,199459,291944,2642156,PPV,17.0,15,Saudi Arabia,Mexico,Mexico,17.0,False
EV020,United Kingdom,175326,67.5,4943.0,96429,216696,2065991,PPV,17.0,15,Saudi Arabia,Mexico,Mexico,22.0,False
EV020,Mexico,328184,77.0,15653.0,180501,780180,3687875,PPV,17.0,15,Saudi Arabia,Mexico,Mexico,16.0,False
EV020,Canada,40809,63.7,1127.0,22444,38588,264874,PPV,17.0,15,Saudi Arabia,Mexico,Mexico,17.0,False
EV020,Ireland,25997,70.2,795.0,14298,23257,231925,PPV,17.0,15,Saudi Arabia,Mexico,Mexico,22.0,False
EV020,Spain,20450,57.1,880.0,11247,27118,175085,PPV,17.0,15,Saudi Arabia,Mexico,Mexico,23.0,False
EV020,Germany,27089,64.1,1741.0,14898,35245,168141,PPV,17.0,15,Saudi Arabia,Mexico,Mexico,23.0,False
EV020,Saudi Arabia,14714,79.9,596.0,8092,28076,172889,PPV,17.0,15,Saudi Arabia,Mexico,Mexico,0.0,False
EV020,Australia,32906,68.5,1052.0,18098,31810,236815,PPV,17.0,15,Saudi Arabia,Mexico,Mexico,8.0,False
EV020,Japan,16775,68.9,1078.0,9226,12983,139698,PPV,17.0,15,Saudi Arabia,Mexico,Mexico,6.0,True
EV021,United States,820401,61.3,14877.0,0,161566,7436583,Subscription,23.0,13,United States,United States,Mexico,23.0,False
EV021,United Kingdom,74177,47.0,1200.0,0,18024,805220,Subscription,23.0,13,United States,United States,Mexico,4.0,True
EV021,Mexico,489740,117.6,5996.0,0,280234,4125075,Subscription,23.0,13,United States,United States,Mexico,22.0,False
EV021,Canada,33363,72.1,993.0,0,6472,218927,Subscription,23.0,13,United States,United States,Mexico,23.0,False
EV021,Ireland,9842,35.0,261.0,0,3036,111781,Subscription,23.0,13,United States,United States,Mexico,4.0,True
EV021,Spain,11648,63.8,344.0,0,3529,71437,Subscription,23.0,13,United States,United States,Mexico,5.0,True
EV021,Germany,13498,61.5,243.0,0,2583,96647,Subscription,23.0,13,United States,United States,Mexico,5.0,True
EV021,Saudi Arabia,6454,40.5,138.0,0,2232,59853,Subscription,23.0,13,United States,United States,Mexico,6.0,True
EV021,Australia,41866,83.0,999.0,0,8241,354105,Subscription,23.0,13,United States,United States,Mexico,14.0,False
EV021,Japan,55525,63.3,1047.0,0,8882,573300,Subscription,23.0,13,United States,United States,Mexico,12.0,False
EV022,United States,818186,59.1,,0,180911,5114662,Subscription,17.5,12,United Kingdom,United States,Spain,17.5,False
EV022,United Kingdom,267114,36.1,7023.0,0,73892,1775863,Subscription,17.5,12,United Kingdom,United States,Spain,22.5,False
EV022,Mexico,127915,70.6,3690.0,0,57489,1484052,Subscription,17.5,12,United Kingdom,United States,Spain,16.5,False
EV022,Canada,50097,44.5,803.0,0,10522,625675,Subscription,17.5,12,United Kingdom,United States,Spain,17.5,False
EV022,Ireland,24779,62.1,297.0,0,7492,297731,Subscription,17.5,12,United Kingdom,United States,Spain,22.5,False
EV022,Spain,58264,56.6,1066.0,0,20549,457561,Subscription,17.5,12,United Kingdom,United States,Spain,23.5,False
EV022,Germany,26858,61.6,718.0,0,7152,215966,Subscription,17.5,12,United Kingdom,United States,Spain,23.5,False
EV022,Saudi Arabia,10932,77.6,238.0,0,4800,140733,Subscription,17.5,12,United Kingdom,United States,Spain,0.5,False
EV022,Australia,38103,56.0,383.0,0,9714,287261,Subscription,17.5,12,United Kingdom,United States,Spain,8.5,False
EV022,Japan,16106,63.6,386.0,0,2923,122760,Subscription,17.5,12,United Kingdom,United States,Spain,6.5,True
EV023,United States,830901,62.8,24415.0,456995,838483,10622223,PPV,23.0,15,United States,United States,United Kingdom,23.0,False
EV023,United Kingdom,174419,61.1,10304.0,95930,224533,1965386,PPV,23.0,15,United States,United States,United Kingdom,4.0,True
EV023,Mexico,126972,86.5,5821.0,69834,326214,908927,PPV,23.0,15,United States,United States,United Kingdom,22.0,False
EV023,Canada,36108,48.7,1569.0,19859,35053,480904,PPV,23.0,15,United States,United States,United Kingdom,23.0,False
EV023,Ireland,10066,52.7,250.0,5536,10528,81259,PPV,23.0,15,United States,United States,United Kingdom,4.0,True
EV023,Spain,6666,54.2,416.0,3666,10716,92045,PPV,23.0,15,United States,United States,United Kingdom,5.0,True
EV023,Germany,12648,51.1,714.0,6956,12877,103150,PPV,23.0,15,United States,United States,United Kingdom,5.0,True
EV023,Saudi Arabia,6382,51.8,176.0,3510,9395,54950,PPV,23.0,15,United States,United States,United Kingdom,6.0,True
EV023,Australia,38654,64.4,2479.0,21259,32941,487110,PPV,23.0,15,United States,United States,United Kingdom,14.0,False
EV023,Japan,56229,77.1,2023.0,30925,29383,467183,PPV,23.0,15,United States,United States,United Kingdom,12.0,False
EV024,United States,953255,61.7,16576.0,0,195090,11478770,Subscription,17.5,12,United Kingdom,United Kingdom,United States,17.5,False
EV024,United Kingdom,755918,68.7,22073.0,0,213959,6306730,Subscription,17.5,12,United Kingdom,United Kingdom,United States,22.5,False
EV024,Mexico,134362,63.2,3668.0,0,70956,1211768,Subscription,17.5,12,United Kingdom,United Kingdom,United States,16.5,False
EV024,Canada,38047,52.7,787.0,0,9190,311027,Subscription,17.5,12,United Kingdom,United Kingdom,United States,17.5,False
EV024,Ireland,22766,82.1,335.0,0,6102,189007,Subscription,17.5,12,United Kingdom,United Kingdom,United States,22.5,False
EV024,Spain,23622,53.9,571.0,0,7866,260762,Subscription,17.5,12,United Kingdom,United Kingdom,United States,23.5,False
EV024,Germany,27105,72.9,291.0,0,8413,291135,Subscription,17.5,12,United Kingdom,United Kingdom,United States,23.5,False
EV024,Saudi Arabia,14387,66.2,327.0,0,6282,188994,Subscription,17.5,12,United Kingdom,United Kingdom,United States,0.5,False
EV024,Australia,36366,54.4,495.0,0,10327,390211,Subscription,17.5,12,United Kingdom,United Kingdom,United States,8.5,False
EV024,Japan,19550,61.3,,0,3663,208726,Subscription,17.5,12,United Kingdom,United Kingdom,United States,6.5,True
EV025,United States,378976,56.6,8751.0,0,76291,3070728,Subscription,23.0,9,Mexico,Saudi Arabia,United States,23.0,False
EV025,United Kingdom,50068,58.0,881.0,0,13924,498951,Subscription,23.0,9,Mexico,Saudi Arabia,United States,4.0,True
EV025,Mexico,132215,66.3,2072.0,0,65167,1490116,Subscription,23.0,9,Mexico,Saudi Arabia,United States,22.0,False
EV025,Canada,23816,69.6,547.0,0,6167,253561,Subscription,23.0,9,Mexico,Saudi Arabia,United States,23.0,False
EV025,Ireland,6106,48.8,172.0,0,1567,63732,Subscription,23.0,9,Mexico,Saudi Arabia,United States,4.0,True
EV025,Spain,6194,44.6,75.0,0,2391,67042,Subscription,23.0,9,Mexico,Saudi Arabia,United States,5.0,True
EV025,Germany,7083,56.3,71.0,0,1324,56893,Subscription,23.0,9,Mexico,Saudi Arabia,United States,5.0,True
EV025,Saudi Arabia,7469,51.5,123.0,0,3299,81297,Subscription,23.0,9,Mexico,Saudi Arabia,United States,6.0,True
EV025,Australia,26534,67.2,504.0,0,6190,192096,Subscription,23.0,9,Mexico,Saudi Arabia,United States,14.0,False
EV025,Japan,28217,77.1,657.0,0,4063,258073,Subscription,23.0,9,Mexico,Saudi Arabia,United States,12.0,False
EV026,United States,316085,61.8,,173846,162276,3144599,PPV,23.0,15,United States,Ireland,United Kingdom,23.0,False
EV026,United Kingdom,179674,64.1,5383.0,98820,191807,1363839,PPV,23.0,15,United States,Ireland,United Kingdom,4.0,True
EV026,Mexico,172117,110.9,5848.0,94664,457723,2399141,PPV,23.0,15,United States,Ireland,United Kingdom,22.0,False
EV026,Canada,32027,42.9,992.0,17614,32398,369866,PPV,23.0,15,United States,Ireland,United Kingdom,23.0,False
EV026,Ireland,21492,48.6,1174.0,11820,18258,226885,PPV,23.0,15,United States,Ireland,United Kingdom,4.0,True
EV026,Spain,10184,56.7,413.0,5601,17920,136803,PPV,23.0,15,United States,Ireland,United Kingdom,5.0,True
EV026,Germany,12381,45.3,555.0,6809,14230,104327,PPV,23.0,15,United States,Ireland,United Kingdom,5.0,True
EV026,Saudi Arabia,5828,50.7,355.0,3205,12205,80745,PPV,23.0,15,United States,Ireland,United Kingdom,6.0,True
EV026,Australia,35197,63.1,1623.0,19358,33825,232937,PPV,23.0,15,United States,Ireland,United Kingdom,14.0,False
EV026,Japan,40825,48.1,,22453,32111,268314,PPV,23.0,15,United States,Ireland,United Kingdom,12.0,False
EV027,United States,751431,52.4,30393.0,413287,664136,6260067,PPV,23.0,15,United States,United States,United Kingdom,23.0,False
EV027,United Kingdom,193649,51.4,9783.0,106506,141912,2250096,PPV,23.0,15,United States,United States,United Kingdom,4.0,True
EV027,Mexico,166373,64.4,10528.0,91505,364915,1782851,PPV,23.0,15,United States,United States,United Kingdom,22.0,False
EV027,Canada,30657,64.9,1095.0,16861,28138,277175,PPV,23.0,15,United States,United States,United Kingdom,23.0,False
EV027,Ireland,9398,61.9,318.0,5168,8351,60488,PPV,23.0,15,United States,United States,United Kingdom,4.0,True
EV027,Spain,8292,65.8,491.0,4560,15258,69167,PPV,23.0,15,United States,United States,United Kingdom,5.0,True
EV027,Germany,12804,44.0,289.0,7042,15168,114798,PPV,23.0,15,United States,United States,United Kingdom,5.0,True
EV027,Saudi Arabia,6338,61.7,376.0,3485,9809,44099,PPV,23.0,15,United States,United States,United Kingdom,6.0,True
EV027,Australia,38681,46.5,2015.0,21274,41843,445885,PPV,23.0,15,United States,United States,United Kingdom,14.0,False
EV027,Japan,53989,62.9,2917.0,29693,43359,368248,PPV,23.0,15,United States,United States,United Kingdom,12.0,False
EV028,United States,836955,77.8,16429.0,0,145202,11557099,Subscription,23.0,12,United States,United States,Japan,23.0,False
EV028,United Kingdom,75128,35.7,1122.0,0,20883,563146,Subscription,23.0,12,United States,United States,Japan,4.0,True
EV028,Mexico,160427,61.5,4758.0,0,111103,1004742,Subscription,23.0,12,United States,United States,Japan,22.0,False
EV028,Canada,35136,66.6,858.0,0,8800,218231,Subscription,23.0,12,United States,United States,Japan,23.0,False
EV028,Ireland,9065,61.6,109.0,0,2213,77859,Subscription,23.0,12,United States,United States,Japan,4.0,True
EV028,Spain,10111,39.0,164.0,0,3689,91667,Subscription,23.0,12,United States,United States,Japan,5.0,True
EV028,Germany,11671,73.2,323.0,0,3847,90926,Subscription,23.0,12,United States,United States,Japan,5.0,True
EV028,Saudi Arabia,4922,47.7,124.0,0,2492,32328,Subscription,23.0,12,United States,United States,Japan,6.0,True
EV028,Australia,30511,81.7,525.0,0,8940,323023,Subscription,23.0,12,United States,United States,Japan,14.0,False
EV028,Japan,127958,72.8,2305.0,0,26678,846510,Subscription,23.0,12,United States,United States,Japan,12.0,False
EV029,United States,611572,74.3,12941.0,0,135912,7826042,Subscription,17.5,14,United Kingdom,United Kingdom,Japan,17.5,False
EV029,United Kingdom,1178478,57.5,14300.0,0,306030,12440963,Subscription,17.5,14,United Kingdom,United Kingdom,Japan,22.5,False
EV029,Mexico,293317,65.2,7710.0,0,149239,1937007,Subscription,17.5,14,United Kingdom,United Kingdom,Japan,16.5,False
EV029,Canada,69670,48.5,1737.0,0,16695,521051,Subscription,17.5,14,United Kingdom,United Kingdom,Japan,17.5,False
EV029,Ireland,40791,89.0,1014.0,0,8605,314217,Subscription,17.5,14,United Kingdom,United Kingdom,Japan,22.5,False
EV029,Spain,36986,64.4,915.0,0,15025,315243,Subscription,17.5,14,United Kingdom,United Kingdom,Japan,23.5,False
EV029,Germany,49990,75.4,838.0,0,15056,465530,Subscription,17.5,14,United Kingdom,United Kingdom,Japan,23.5,False
EV029,Saudi Arabia,17921,41.2,276.0,0,8255,203682,Subscription,17.5,14,United Kingdom,United Kingdom,Japan,0.5,False
EV029,Australia,60220,61.5,1390.0,0,13658,469891,Subscription,17.5,14,United Kingdom,United Kingdom,Japan,8.5,False
EV029,Japan,44468,50.3,1198.0,0,8833,541573,Subscription,17.5,14,United Kingdom,United Kingdom,Japan,6.5,True
EV030,United States,882751,72.9,19784.0,0,170637,11974556,Subscription,23.0,14,United States,United States,United States,23.0,False
EV030,United Kingdom,100644,43.2,1819.0,0,25453,1010425,Subscription,23.0,14,United States,United States,United States,4.0,True
EV030,Mexico,189043,64.6,3124.0,0,91459,2593076,Subscription,23.0,14,United States,United States,United States,22.0,False
EV030,Canada,41300,77.6,833.0,0,8650,487863,Subscription,23.0,14,United States,United States,United States,23.0,False
EV030,Ireland,9494,56.0,103.0,0,2450,109286,Subscription,23.0,14,United States,United States,United States,4.0,True
EV030,Spain,13430,69.8,139.0,0,4587,107497,Subscription,23.0,14,United States,United States,United States,5.0,True
EV030,Germany,14339,69.4,156.0,0,4303,185143,Subscription,23.0,14,United States,United States,United States,5.0,True
EV030,Saudi Arabia,8607,59.0,208.0,0,3720,63304,Subscription,23.0,14,United States,United States,United States,6.0,True
EV030,Australia,51358,92.0,654.0,0,13776,504958,Subscription,23.0,14,United States,United States,United States,14.0,False
EV030,Japan,50840,104.4,779.0,0,8043,684782,Subscription,23.0,14,United States,United States,United States,12.0,False
EV031,United States,356437,76.0,10022.0,0,86232,3979083,Subscription,17.5,12,United Kingdom,United Kingdom,Mexico,17.5,False
EV031,United Kingdom,738390,88.7,10335.0,0,212907,9231595,Subscription,17.5,12,United Kingdom,United Kingdom,Mexico,22.5,False
EV031,Mexico,384914,77.4,6140.0,0,217328,3787559,Subscription,17.5,12,United Kingdom,United Kingdom,Mexico,16.5,False
EV031,Canada,42178,98.8,449.0,0,11792,347208,Subscription,17.5,12,United Kingdom,United Kingdom,Mexico,17.5,False
EV031,Ireland,19659,58.0,435.0,0,4821,194644,Subscription,17.5,12,United Kingdom,United Kingdom,Mexico,22.5,False
EV031,Spain,20831,63.3,471.0,0,6114,269377,Subscription,17.5,12,United Kingdom,United Kingdom,Mexico,23.5,False
EV031,Germany,22961,70.2,540.0,0,7195,228258,Subscription,17.5,12,United Kingdom,United Kingdom,Mexico,23.5,False
EV031,Saudi Arabia,9461,75.5,127.0,0,4294,89415,Subscription,17.5,12,United Kingdom,United Kingdom,Mexico,0.5,False
EV031,Australia,38811,90.7,917.0,0,7726,267648,Subscription,17.5,12,United Kingdom,United Kingdom,Mexico,8.5,False
EV031,Japan,15167,59.5,234.0,0,2757,154832,Subscription,17.5,12,United Kingdom,United Kingdom,Mexico,6.5,True
EV032,United States,424343,70.0,17988.0,233388,336637,4314299,PPV,17.5,16,United Kingdom,United Kingdom,United Kingdom,17.5,False
EV032,United Kingdom,691964,79.3,38983.0,380580,684835,6997652,PPV,17.5,16,United Kingdom,United Kingdom,United Kingdom,22.5,False
EV032,Mexico,208351,55.3,10188.0,114593,400362,1893838,PPV,17.5,16,United Kingdom,United Kingdom,United Kingdom,16.5,False
EV032,Canada,32127,42.7,1467.0,17669,29394,383796,PPV,17.5,16,United Kingdom,United Kingdom,United Kingdom,17.5,False
EV032,Ireland,24773,81.5,722.0,13625,26426,341430,PPV,17.5,16,United Kingdom,United Kingdom,United Kingdom,22.5,False
EV032,Spain,29235,68.7,1000.0,16079,40706,318339,PPV,17.5,16,United Kingdom,United Kingdom,United Kingdom,23.5,False
EV032,Germany,24339,90.8,916.0,13386,33588,281441,PPV,17.5,16,United Kingdom,United Kingdom,United Kingdom,23.5,False
EV032,Saudi Arabia,13568,83.2,418.0,7462,29621,189800,PPV,17.5,16,United Kingdom,United Kingdom,United Kingdom,0.5,False
EV032,Australia,36132,48.1,1860.0,19872,32592,305819,PPV,17.5,16,United Kingdom,United Kingdom,United Kingdom,8.5,False
EV032,Japan,19106,57.4,944.0,10508,12966,241708,PPV,17.5,16,United Kingdom,United Kingdom,United Kingdom,6.5,True
EV033,United States,813870,62.6,44976.0,447628,703287,10214355,PPV,23.0,15,United States,Japan,United States,23.0,False
EV033,United Kingdom,83161,63.8,4744.0,45738,71623,618338,PPV,23.0,15,United States,Japan,United States,4.0,True
EV033,Mexico,153102,86.5,4682.0,84206,373503,1465706,PPV,23.0,15,United States,Japan,United States,22.0,False
EV033,Canada,36975,72.0,1576.0,20336,40573,477465,PPV,23.0,15,United States,Japan,United States,23.0,False
EV033,Ireland,8173,53.3,536.0,4495,8428,104692,PPV,23.0,15,United States,Japan,United States,4.0,True
EV033,Spain,10430,45.9,565.0,5736,13987,81733,PPV,23.0,15,United States,Japan,United States,5.0,True
EV033,Germany,12020,53.9,333.0,6611,11947,102179,PPV,23.0,15,United States,Japan,United States,5.0,True
EV033,Saudi Arabia,5325,44.3,242.0,2928,8594,65682,PPV,23.0,15,United States,Japan,United States,6.0,True
EV033,Australia,35868,62.0,1711.0,19727,39205,494950,PPV,23.0,15,United States,Japan,United States,14.0,False
EV033,Japan,122860,65.0,7739.0,67573,91418,1090672,PPV,23.0,15,United States,Japan,United States,12.0,False
EV034,United States,1184948,47.2,25253.0,0,185807,8106033,Subscription,23.0,14,United States,United States,United States,23.0,False
EV034,United Kingdom,106915,61.5,3016.0,0,29754,789732,Subscription,23.0,14,United States,United States,United States,4.0,True
EV034,Mexico,197661,91.5,2517.0,0,91599,1371612,Subscription,23.0,14,United States,United States,United States,22.0,False
EV034,Canada,38160,83.6,747.0,0,8557,264110,Subscription,23.0,14,United States,United States,United States,23.0,False
EV034,Ireland,11666,50.7,278.0,0,3097,124385,Subscription,23.0,14,United States,United States,United States,4.0,True
EV034,Spain,15023,56.6,334.0,0,5732,99936,Subscription,23.0,14,United States,United States,United States,5.0,True
EV034,Germany,11397,63.0,335.0,0,2824,103284,Subscription,23.0,14,United States,United States,United States,5.0,True
EV034,Saudi Arabia,8373,54.2,241.0,0,3515,57192,Subscription,23.0,14,United States,United States,United States,6.0,True
EV034,Australia,61463,70.8,992.0,0,13212,400277,Subscription,23.0,14,United States,United States,United States,14.0,False
EV034,Japan,59514,63.4,879.0,0,13359,471701,Subscription,23.0,14,United States,United States,United States,12.0,False
EV035,United States,386828,61.1,7514.0,0,93282,2499448,Subscription,17.5,11,United Kingdom,Australia,Australia,17.5,False
EV035,United Kingdom,277105,66.2,5890.0,0,83701,2238449,Subscription,17.5,11,United Kingdom,Australia,Australia,22.5,False
EV035,Mexico,148797,64.8,2557.0,0,99086,2026351,Subscription,17.5,11,United Kingdom,Australia,Australia,16.5,False
EV035,Canada,38728,54.1,613.0,0,8743,312339,Subscription,17.5,11,United Kingdom,Australia,Australia,17.5,False
EV035,Ireland,16409,87.6,470.0,0,4650,124687,Subscription,17.5,11,United Kingdom,Australia,Australia,22.5,False
EV035,Spain,18613,82.4,369.0,0,6753,217725,Subscription,17.5,11,United Kingdom,Australia,Australia,23.5,False
EV035,Germany,19264,62.0,329.0,0,7579,267199,Subscription,17.5,11,United Kingdom,Australia,Australia,23.5,False
EV035,Saudi Arabia,9348,66.4,271.0,0,4096,68521,Subscription,17.5,11,United Kingdom,Australia,Australia,0.5,False
EV035,Australia,66668,70.9,998.0,0,17168,775471,Subscription,17.5,11,United Kingdom,Australia,Australia,8.5,False
EV035,Japan,15177,51.3,452.0,0,2226,163889,Subscription,17.5,11,United Kingdom,Australia,Australia,6.5,True
EV036,United States,690614,29.1,12413.0,0,148410,4869723,Subscription,23.0,11,United States,United States,Canada,23.0,False
EV036,United Kingdom,65619,49.1,1191.0,0,22232,579816,Subscription,23.0,11,United States,United States,Canada,4.0,True
EV036,Mexico,130040,68.4,1647.0,0,78473,1674218,Subscription,23.0,11,United States,United States,Canada,22.0,False
EV036,Canada,82934,75.7,2262.0,0,24215,509628,Subscription,23.0,11,United States,United States,Canada,23.0,False
EV036,Ireland,7514,64.6,195.0,0,1827,65821,Subscription,23.0,11,United States,United States,Canada,4.0,True
EV036,Spain,8222,40.8,177.0,0,3277,92713,Subscription,23.0,11,United States,United States,Canada,5.0,True
EV036,Germany,7718,58.0,168.0,0,1894,83044,Subscription,23.0,11,United States,United States,Canada,5.0,True
EV036,Saudi Arabia,4851,55.8,91.0,0,2502,59230,Subscription,23.0,11,United States,United States,Canada,6.0,True
EV036,Australia,34970,50.9,417.0,0,7637,308141,Subscription,23.0,11,United States,United States,Canada,14.0,False
EV036,Japan,41200,58.0,560.0,0,7462,300853,Subscription,23.0,11,United States,United States,Canada,12.0,False
EV037,United States,771210,81.7,10405.0,0,193271,7616224,Subscription,23.0,13,United States,United States,Ireland,23.0,False
EV037,United Kingdom,99737,49.1,1192.0,0,25397,608655,Subscription,23.0,13,United States,United States,Ireland,4.0,True
EV037,Mexico,208272,37.8,5000.0,0,93752,1556651,Subscription,23.0,13,United States,United States,Ireland,22.0,False
EV037,Canada,33925,45.2,966.0,0,8604,309196,Subscription,23.0,13,United States,United States,Ireland,23.0,False
EV037,Ireland,25198,59.4,322.0,0,6588,306338,Subscription,23.0,13,United States,United States,Ireland,4.0,True
EV037,Spain,14703,74.8,290.0,0,4857,107984,Subscription,23.0,13,United States,United States,Ireland,5.0,True
EV037,Germany,13143,58.0,381.0,0,5088,124813,Subscription,23.0,13,United States,United States,Ireland,5.0,True
EV037,Saudi Arabia,7384,44.4,,0,3697,57630,Subscription,23.0,13,United States,United States,Ireland,6.0,True
EV037,Australia,51367,77.5,955.0,0,10854,710737,Subscription,23.0,13,United States,United States,Ireland,14.0,False
EV037,Japan,49934,63.9,879.0,0,7439,675224,Subscription,23.0,13,United States,United States,Ireland,12.0,False
EV038,United States,419887,48.2,19381.0,230937,444650,4384326,PPV,23.0,16,United States,Ireland,Japan,23.0,False
EV038,United Kingdom,84864,57.1,3341.0,46675,119486,977838,PPV,23.0,16,United States,Ireland,Japan,4.0,True
EV038,Mexico,201283,84.7,,110705,586934,1285087,PPV,23.0,16,United States,Ireland,Japan,22.0,False
EV038,Canada,34180,86.1,962.0,18799,29321,361465,PPV,23.0,16,United States,Ireland,Japan,23.0,False
EV038,Ireland,26083,36.1,670.0,14345,26166,353141,PPV,23.0,16,United States,Ireland,Japan,4.0,True
EV038,Spain,11549,40.1,525.0,6351,18754,105996,PPV,23.0,16,United States,Ireland,Japan,5.0,True
EV038,Germany,10332,46.6,574.0,5682,13339,62650,PPV,23.0,16,United States,Ireland,Japan,5.0,True
EV038,Saudi Arabia,5931,49.4,214.0,3262,7480,59701,PPV,23.0,16,United States,Ireland,Japan,6.0,True
EV038,Australia,45731,56.0,1265.0,25152,38240,277539,PPV,23.0,16,United States,Ireland,Japan,14.0,False
EV038,Japan,158755,60.9,5778.0,87315,119369,1937869,PPV,23.0,16,United States,Ireland,Japan,12.0,False
EV039,United States,155160,35.9,8121.0,85338,136838,1739748,PPV,6.0,16,Australia,United Kingdom,Mexico,6.0,True
EV039,United Kingdom,739983,58.4,48199.0,406990,967318,8024462,PPV,6.0,16,Australia,United Kingdom,Mexico,11.0,False
EV039,Mexico,129733,45.5,6157.0,71353,256152,1242252,PPV,6.0,16,Australia,United Kingdom,Mexico,5.0,True
EV039,Canada,12029,53.9,339.0,6615,16220,122452,PPV,6.0,16,Australia,United Kingdom,Mexico,6.0,True
EV039,Ireland,26732,70.8,882.0,14702,29572,272872,PPV,6.0,16,Australia,United Kingdom,Mexico,11.0,False
EV039,Spain,34840,52.8,2066.0,19162,69610,342098,PPV,6.0,16,Australia,United Kingdom,Mexico,12.0,False
EV039,Germany,38965,51.5,1429.0,21430,54689,447695,PPV,6.0,16,Australia,United Kingdom,Mexico,12.0,False
EV039,Saudi Arabia,19667,66.9,1239.0,10816,38504,233206,PPV,6.0,16,Australia,United Kingdom,Mexico,13.0,False
EV039,Australia,64186,74.7,3568.0,35302,64966,558724,PPV,6.0,16,Australia,United Kingdom,Mexico,21.0,False
EV039,Japan,54390,87.8,3430.0,29914,40482,729479,PPV,6.0,16,Australia,United Kingdom,Mexico,19.0,False
EV040,United States,252291,89.8,2967.0,0,43874,3245041,Subscription,17.5,9,United Kingdom,Spain,Mexico,17.5,False
EV040,United Kingdom,195414,41.2,5703.0,0,54385,2616997,Subscription,17.5,9,United Kingdom,Spain,Mexico,22.5,False
EV040,Mexico,227436,69.5,3092.0,0,113069,1743872,Subscription,17.5,9,United Kingdom,Spain,Mexico,16.5,False
EV040,Canada,27674,72.7,320.0,0,6731,264700,Subscription,17.5,9,United Kingdom,Spain,Mexico,17.5,False
EV040,Ireland,15347,70.9,320.0,0,4039,180734,Subscription,17.5,9,United Kingdom,Spain,Mexico,22.5,False
EV040,Spain,33835,70.3,691.0,0,13957,322023,Subscription,17.5,9,United Kingdom,Spain,Mexico,23.5,False
EV040,Germany,18000,46.3,283.0,0,5938,250094,Subscription,17.5,9,United Kingdom,Spain,Mexico,23.5,False
EV040,Saudi Arabia,7823,61.8,185.0,0,3908,85109,Subscription,17.5,9,United Kingdom,Spain,Mexico,0.5,False
EV040,Australia,21374,68.3,358.0,0,3999,153971,Subscription,17.5,9,United Kingdom,Spain,Mexico,8.5,False
EV040,Japan,9113,30.0,160.0,0,1689,64867,Subscription,17.5,9,United Kingdom,Spain,Mexico,6.5,True
EV041,United States,312459,64.5,3355.0,0,64842,3359121,Subscription,23.0,11,United States,Japan,Ireland,23.0,False
EV041,United Kingdom,67158,35.5,1595.0,0,15136,598015,Subscription,23.0,11,United States,Japan,Ireland,4.0,True
EV041,Mexico,141269,61.5,2948.0,0,68856,1154611,Subscription,23.0,11,United States,Japan,Ireland,22.0,False
EV041,Canada,30305,55.9,450.0,0,7220,195381,Subscription,23.0,11,United States,Japan,Ireland,23.0,False
EV041,Ireland,13533,64.3,239.0,0,3609,85291,Subscription,23.0,11,United States,Japan,Ireland,4.0,True
EV041,Spain,9302,59.1,190.0,0,3167,97938,Subscription,23.0,11,United States,Japan,Ireland,5.0,True
EV041,Germany,9202,40.0,224.0,0,2698,71391,Subscription,23.0,11,United States,Japan,Ireland,5.0,True
EV041,Saudi Arabia,3911,60.0,53.0,0,1637,30114,Subscription,23.0,11,United States,Japan,Ireland,6.0,True
EV041,Australia,34109,72.9,484.0,0,10542,223529,Subscription,23.0,11,United States,Japan,Ireland,14.0,False
EV041,Japan,118988,69.1,1656.0,0,19756,1004331,Subscription,23.0,11,United States,Japan,Ireland,12.0,False
EV042,United States,350491,65.4,3837.0,0,85532,2594458,Subscription,17.5,12,United Kingdom,Japan,Germany,17.5,False
EV042,United Kingdom,347185,76.7,5948.0,0,83650,4295931,Subscription,17.5,12,United Kingdom,Japan,Germany,22.5,False
EV042,Mexico,162402,61.2,3509.0,0,86981,1118596,Subscription,17.5,12,United Kingdom,Japan,Germany,16.5,False
EV042,Canada,48206,85.7,958.0,0,11634,408113,Subscription,17.5,12,United Kingdom,Japan,Germany,17.5,False
EV042,Ireland,23138,104.9,463.0,0,4064,179136,Subscription,17.5,12,United Kingdom,Japan,Germany,22.5,False
EV042,Spain,21534,60.5,623.0,0,6521,176728,Subscription,17.5,12,United Kingdom,Japan,Germany,23.5,False
EV042,Germany,56066,46.1,712.0,0,18100,578150,Subscription,17.5,12,United Kingdom,Japan,Germany,23.5,False
EV042,Saudi Arabia,9326,61.8,139.0,0,3650,65486,Subscription,17.5,12,United Kingdom,Japan,Germany,0.5,False
EV042,Australia,43943,86.4,570.0,0,8693,409118,Subscription,17.5,12,United Kingdom,Japan,Germany,8.5,False
EV042,Japan,43317,51.7,602.0,0,6709,345046,Subscription,17.5,12,United Kingdom,Japan,Germany,6.5,True
EV043,United States,352754,69.5,13200.0,194014,298439,3432193,PPV,17.5,15,United Kingdom,United Kingdom,Mexico,17.5,False
EV043,United Kingdom,620197,56.4,38446.0,341108,634039,6617921,PPV,17.5,15,United Kingdom,United Kingdom,Mexico,22.5,False
EV043,Mexico,364873,72.3,11455.0,200680,862964,2193243,PPV,17.5,15,United Kingdom,United Kingdom,Mexico,16.5,False
EV043,Canada,48638,86.2,2788.0,26750,60999,544958,PPV,17.5,15,United Kingdom,United Kingdom,Mexico,17.5,False
EV043,Ireland,23871,103.0,1401.0,13129,22976,235531,PPV,17.5,15,United Kingdom,United Kingdom,Mexico,22.5,False
EV043,Spain,18203,66.4,430.0,10011,23991,140588,PPV,17.5,15,United Kingdom,United Kingdom,Mexico,23.5,False
EV043,Germany,15436,31.7,531.0,8489,23208,101980,PPV,17.5,15,United Kingdom,United Kingdom,Mexico,23.5,False
EV043,Saudi Arabia,11206,40.8,693.0,6163,22153,84995,PPV,17.5,15,United Kingdom,United Kingdom,Mexico,0.5,False
EV043,Australia,35812,86.6,2335.0,19696,36881,484200,PPV,17.5,15,United Kingdom,United Kingdom,Mexico,8.5,False
EV043,Japan,18256,59.2,743.0,10040,9667,132111,PPV,17.5,15,United Kingdom,United Kingdom,Mexico,6.5,True
EV044,United States,470531,70.4,19541.0,258792,407404,2912653,PPV,17.5,18,Ireland,United Kingdom,Mexico,17.5,False
EV044,United Kingdom,739245,78.2,33424.0,406584,774139,9657867,PPV,17.5,18,Ireland,United Kingdom,Mexico,22.5,False
EV044,Mexico,503292,73.0,29442.0,276810,1099216,4706800,PPV,17.5,18,Ireland,United Kingdom,Mexico,16.5,False
EV044,Canada,57801,60.9,1278.0,31790,63131,692258,PPV,17.5,18,Ireland,United Kingdom,Mexico,17.5,False
EV044,Ireland,54704,80.5,3267.0,30087,46645,619660,PPV,17.5,18,Ireland,United Kingdom,Mexico,22.5,False
EV044,Spain,30695,45.1,826.0,16882,54289,319401,PPV,17.5,18,Ireland,United Kingdom,Mexico,23.5,False
EV044,Germany,35316,62.8,,19423,41095,289133,PPV,17.5,18,Ireland,United Kingdom,Mexico,23.5,False
EV044,Saudi Arabia,16597,98.1,980.0,9128,29959,176340,PPV,17.5,18,Ireland,United Kingdom,Mexico,0.5,False
EV044,Australia,44845,53.6,2527.0,24664,46209,560353,PPV,17.5,18,Ireland,United Kingdom,Mexico,8.5,False
EV044,Japan,22455,56.1,1264.0,12350,16452,153427,PPV,17.5,18,Ireland,United Kingdom,Mexico,6.5,True
EV045,United States,399017,67.9,10948.0,219459,299879,4140154,PPV,6.0,16,Japan,Ireland,United States,6.0,True
EV045,United Kingdom,239552,81.7,6639.0,131753,283445,1518896,PPV,6.0,16,Japan,Ireland,United States,11.0,False
EV045,Mexico,54377,44.3,3564.0,29907,110291,327581,PPV,6.0,16,Japan,Ireland,United States,5.0,True
EV045,Canada,17350,48.8,744.0,9542,19243,172209,PPV,6.0,16,Japan,Ireland,United States,6.0,True
EV045,Ireland,71693,86.1,2280.0,39431,64691,586081,PPV,6.0,16,Japan,Ireland,United States,11.0,False
EV045,Spain,28727,48.8,883.0,15799,52220,211937,PPV,6.0,16,Japan,Ireland,United States,12.0,False
EV045,Germany,35228,48.4,,19375,42634,488094,PPV,6.0,16,Japan,Ireland,United States,12.0,False
EV045,Saudi Arabia,20508,83.3,1152.0,11279,41943,276732,PPV,6.0,16,Japan,Ireland,United States,13.0,False
EV045,Australia,39054,87.6,1209.0,21479,40397,285959,PPV,6.0,16,Japan,Ireland,United States,21.0,False
EV045,Japan,70455,100.8,1861.0,38750,57440,816547,PPV,6.0,16,Japan,Ireland,United States,19.0,False
EV046,United States,1094024,71.0,41224.0,601713,840681,8498524,PPV,17.0,15,Saudi Arabia,United Kingdom,United States,17.0,False
EV046,United Kingdom,509468,82.5,11568.0,280207,688203,4543243,PPV,17.0,15,Saudi Arabia,United Kingdom,United States,22.0,False
EV046,Mexico,151192,71.7,7297.0,83155,329175,2006587,PPV,17.0,15,Saudi Arabia,United Kingdom,United States,16.0,False
EV046,Canada,50246,99.9,3062.0,27635,45051,520106,PPV,17.0,15,Saudi Arabia,United Kingdom,United States,17.0,False
EV046,Ireland,20645,72.8,1079.0,11354,21478,261976,PPV,17.0,15,Saudi Arabia,United Kingdom,United States,22.0,False
EV046,Spain,16650,85.4,615.0,9157,28024,116756,PPV,17.0,15,Saudi Arabia,United Kingdom,United States,23.0,False
EV046,Germany,22468,93.0,721.0,12357,28997,159170,PPV,17.0,15,Saudi Arabia,United Kingdom,United States,23.0,False
EV046,Saudi Arabia,14876,66.3,936.0,8181,24947,113720,PPV,17.0,15,Saudi Arabia,United Kingdom,United States,0.0,False
EV046,Australia,36666,75.0,1662.0,20166,38080,481717,PPV,17.0,15,Saudi Arabia,United Kingdom,United States,8.0,False
EV046,Japan,15748,50.9,1012.0,8661,10404,156517,PPV,17.0,15,Saudi Arabia,United Kingdom,United States,6.0,True
EV047,United States,1047026,40.2,18912.0,0,190724,7685830,Subscription,23.0,13,United States,United States,Australia,23.0,False
EV047,United Kingdom,84309,58.1,1937.0,0,20593,666273,Subscription,23.0,13,United States,United States,Australia,4.0,True
EV047,Mexico,191087,64.4,3302.0,0,96712,2604333,Subscription,23.0,13,United States,United States,Australia,22.0,False
EV047,Canada,39912,47.5,1052.0,0,10003,315408,Subscription,23.0,13,United States,United States,Australia,23.0,False
EV047,Ireland,10615,51.8,292.0,0,2023,125580,Subscription,23.0,13,United States,United States,Australia,4.0,True
EV047,Spain,12019,41.5,246.0,0,4515,167564,Subscription,23.0,13,United States,United States,Australia,5.0,True
EV047,Germany,13735,71.9,294.0,0,3833,94550,Subscription,23.0,13,United States,United States,Australia,5.0,True
EV047,Saudi Arabia,6548,63.5,85.0,0,3479,50357,Subscription,23.0,13,United States,United States,Australia,6.0,True
EV047,Australia,139302,88.4,1477.0,0,41638,1283924,Subscription,23.0,13,United States,United States,Australia,14.0,False
EV047,Japan,66987,76.8,1016.0,0,12901,510283,Subscription,23.0,13,United States,United States,Australia,12.0,False
EV048,United States,670509,84.2,41050.0,368779,615620,7324618,PPV,17.0,17,Saudi Arabia,United Kingdom,Ireland,17.0,False
EV048,United Kingdom,772532,52.1,23840.0,424892,1023266,9032614,PPV,17.0,17,Saudi Arabia,United Kingdom,Ireland,22.0,False
EV048,Mexico,236613,69.2,5570.0,130137,580663,2039080,PPV,17.0,17,Saudi Arabia,United Kingdom,Ireland,16.0,False
EV048,Canada,59795,63.8,3939.0,32887,57143,579920,PPV,17.0,17,Saudi Arabia,United Kingdom,Ireland,17.0,False
EV048,Ireland,99151,49.4,5924.0,54533,99022,614268,PPV,17.0,17,Saudi Arabia,United Kingdom,Ireland,22.0,False
EV048,Spain,36042,48.3,1432.0,19823,60893,341240,PPV,17.0,17,Saudi Arabia,United Kingdom,Ireland,23.0,False
EV048,Germany,40174,68.4,1407.0,22095,56686,398921,PPV,17.0,17,Saudi Arabia,United Kingdom,Ireland,23.0,False
EV048,Saudi Arabia,29870,46.1,1485.0,16428,58955,392186,PPV,17.0,17,Saudi Arabia,United Kingdom,Ireland,0.0,False
EV048,Australia,67223,67.6,,36972,83630,450442,PPV,17.0,17,Saudi Arabia,United Kingdom,Ireland,8.0,False
EV048,Japan,29688,46.7,685.0,16328,17941,411612,PPV,17.0,17,Saudi Arabia,United Kingdom,Ireland,6.0,True
