Event_ID,Event_Date,Event_City,Event_Country,Region,Venue_Type,Capacity,Tickets_Sold,Main_Event,Headliner_A,Headliner_A_Country,Headliner_B,Headliner_B_Country,Combined_Star_Power,Weight_Class,Title_Fight,Womens_Main_Event,Rivalry_Fight,Promoter,Broadcast,PPV_Price_USD,Main_Event_Start_ET
EV001,2025-01-11,Riyadh,Saudi Arabia,Middle East,Arena,18695,18695,Danny 'Diesel' Okafor vs Darius 'D-Train' Price,Danny 'Diesel' Okafor,United Kingdom,Darius 'D-Train' Price,United States,14,Heavyweight,True,False,False,Promoter A,Subscription,0.0,17.0
EV002,2025-01-25,Dublin,Ireland,Europe,Stadium,75576,65633,Rocco 'Bull' Marino vs Tre 'Showtime' Holloway,Rocco 'Bull' Marino,United States,Tre 'Showtime' Holloway,United States,14,Featherweight,False,False,False,Promoter A,Subscription,0.0,17.5
EV003,2025-02-08,London,United Kingdom,Europe,Arena,16346,14551,Aisling 'Banshee' Murphy vs Sione 'Tank' Tupou,Aisling 'Banshee' Murphy,Ireland,Sione 'Tank' Tupou,Australia,14,Women's Lightweight,True,True,False,Promoter D,Subscription,0.0,17.5
EV004,2025-02-22,Riyadh,Saudi Arabia,Middle East,Arena,20443,18086,Hugo 'Tormenta' Castillo vs Nia 'Queen' Johnson,Hugo 'Tormenta' Castillo,Mexico,Nia 'Queen' Johnson,United States,11,Super Middleweight,False,False,True,Promoter D,Subscription,0.0,17.0
EV005,2025-03-15,Las Vegas,United States,North America,Arena,17215,17215,Sione 'Tank' Tupou vs Tre 'Showtime' Holloway,Sione 'Tank' Tupou,Australia,Tre 'Showtime' Holloway,United States,14,Welterweight,True,False,False,Promoter A,Subscription,0.0,23.0
EV006,2025-03-29,Atlanta,United States,North America,Arena,20196,18725,Darius 'D-Train' Price vs Rocco 'Bull' Marino,Darius 'D-Train' Price,United States,Rocco 'Bull' Marino,United States,11,Welterweight,True,False,False,Promoter E,Subscription,0.0,23.0
EV007,2025-04-12,Cardiff,United Kingdom,Europe,Stadium,65359,58781,Aisling 'Banshee' Murphy vs Takumi 'Blade' Sato,Aisling 'Banshee' Murphy,Ireland,Takumi 'Blade' Sato,Japan,13,Women's Lightweight,True,True,False,Promoter C,Subscription,0.0,17.5
EV008,2025-04-26,Las Vegas,United States,North America,Arena,17838,17838,Malik 'Smooth' Carter vs Kenji 'Storm' Watanabe,Malik 'Smooth' Carter,United States,Kenji 'Storm' Watanabe,Japan,15,Middleweight,True,False,False,Promoter B,PPV,59.99,23.0
EV009,2025-05-03,Los Angeles,United States,North America,Arena,17498,17164,Marco 'El Rayo' Ibarra vs Sione 'Tank' Tupou,Marco 'El Rayo' Ibarra,Mexico,Sione 'Tank' Tupou,Australia,15,Featherweight,True,False,False,Promoter A,PPV,59.99,23.0
EV010,2025-05-10,New York,United States,North America,Arena,17919,17919,Rocco 'Bull' Marino vs Malik 'Smooth' Carter,Rocco 'Bull' Marino,United States,Malik 'Smooth' Carter,United States,13,Middleweight,True,False,False,Promoter D,Subscription,0.0,23.0
EV011,2025-05-17,Las Vegas,United States,North America,Stadium,86162,85380,Marco 'El Rayo' Ibarra vs Callum 'The Crown' Reid,Marco 'El Rayo' Ibarra,Mexico,Callum 'The Crown' Reid,United Kingdom,16,Featherweight,True,False,True,Promoter D,PPV,59.99,23.0
EV012,2025-06-07,Riyadh,Saudi Arabia,Middle East,Arena,17047,16628,Rocco 'Bull' Marino vs Callum 'The Crown' Reid,Rocco 'Bull' Marino,United States,Callum 'The Crown' Reid,United Kingdom,13,Super Bantamweight,True,False,False,Promoter D,Subscription,0.0,17.0
EV013,2025-06-14,New York,United States,North America,Arena,16469,16153,Darius 'D-Train' Price vs Malik 'Smooth' Carter,Darius 'D-Train' Price,United States,Malik 'Smooth' Carter,United States,12,Welterweight,True,False,True,Promoter B,Subscription,0.0,23.0
EV014,2025-06-21,London,United Kingdom,Europe,Stadium,63962,55660,Malik 'Smooth' Carter vs Aisling 'Banshee' Murphy,Malik 'Smooth' Carter,United States,Aisling 'Banshee' Murphy,Ireland,15,Middleweight,True,False,False,Promoter E,PPV,59.99,17.5
EV015,2025-06-28,San Antonio,United States,North America,Arena,17409,16080,Tre 'Showtime' Holloway vs Owen 'Hammer' Price,Tre 'Showtime' Holloway,United States,Owen 'Hammer' Price,United Kingdom,13,Lightweight,True,False,True,Promoter D,Subscription,0.0,23.0
EV016,2025-07-12,San Antonio,United States,North America,Arena,18164,18164,Kenji 'Storm' Watanabe vs Liam 'Lionheart' Doyle,Kenji 'Storm' Watanabe,Japan,Liam 'Lionheart' Doyle,Ireland,14,Heavyweight,True,False,True,Promoter A,Subscription,0.0,23.0
EV017,2025-07-19,Atlanta,United States,North America,Arena,18121,18121,Rocco 'Bull' Marino vs Callum 'The Crown' Reid,Rocco 'Bull' Marino,United States,Callum 'The Crown' Reid,United Kingdom,13,Heavyweight,True,False,False,Promoter E,Subscription,0.0,23.0
EV018,2025-07-26,Los Angeles,United States,North America,Arena,19462,18220,Nia 'Queen' Johnson vs Sione 'Tank' Tupou,Nia 'Queen' Johnson,United States,Sione 'Tank' Tupou,Australia,12,Women's Lightweight,True,True,False,Promoter B,Subscription,0.0,23.0
EV019,2025-08-02,Sydney,Australia,Asia-Pacific,Arena,20387,17913,Danny 'Diesel' Okafor vs Darius 'D-Train' Price,Danny 'Diesel' Okafor,United Kingdom,Darius 'D-Train' Price,United States,14,Middleweight,True,False,True,Promoter D,Subscription,0.0,6.0
EV020,2025-08-09,Riyadh,Saudi Arabia,Middle East,Stadium,75172,75172,Marco 'El Rayo' Ibarra vs Luis 'Cobra' Mendoza,Marco 'El Rayo' Ibarra,Mexico,Luis 'Cobra' Mendoza,Mexico,15,Super Middleweight,True,False,False,Promoter C,PPV,59.99,17.0
EV021,2025-08-23,New York,United States,North America,Arena,17742,17742,Brandon 'Bolt' Hayes vs Marco 'El Rayo' Ibarra,Brandon 'Bolt' Hayes,United States,Marco 'El Rayo' Ibarra,Mexico,13,Featherweight,True,False,False,Promoter A,Subscription,0.0,23.0
EV022,2025-08-30,Manchester,United Kingdom,Europe,Arena,18973,15776,Tre 'Showtime' Holloway vs Carlos 'Matador' Ruiz,Tre 'Showtime' Holloway,United States,Carlos 'Matador' Ruiz,Spain,12,Featherweight,True,False,False,Promoter D,Subscription,0.0,17.5
EV023,2025-09-06,Las Vegas,United States,North America,Stadium,57899,57899,Rocco 'Bull' Marino vs Danny 'Diesel' Okafor,Rocco 'Bull' Marino,United States,Danny 'Diesel' Okafor,United Kingdom,15,Super Middleweight,True,False,False,Promoter E,PPV,59.99,23.0
EV024,2025-09-20,Manchester,United Kingdom,Europe,Arena,18846,18314,Ethan 'Iceman' Brooks vs Nia 'Queen' Johnson,Ethan 'Iceman' Brooks,United Kingdom,Nia 'Queen' Johnson,United States,12,Welterweight,True,False,False,Promoter C,Subscription,0.0,17.5
EV025,2025-10-04,Monterrey,Mexico,Latin America,Small Arena,5710,4649,Faisal 'Desert Hawk' Al-Rashid vs Darius 'D-Train' Price,Faisal 'Desert Hawk' Al-Rashid,Saudi Arabia,Darius 'D-Train' Price,United States,9,Featherweight,True,False,False,Promoter C,Subscription,0.0,23.0
EV026,2025-10-18,Newark,United States,North America,Arena,17201,14986,Aisling 'Banshee' Murphy vs Callum 'The Crown' Reid,Aisling 'Banshee' Murphy,Ireland,Callum 'The Crown' Reid,United Kingdom,15,Women's Lightweight,False,True,False,Promoter B,PPV,59.99,23.0
EV027,2025-10-25,Newark,United States,North America,Arena,18542,18542,Tre 'Showtime' Holloway vs Callum 'The Crown' Reid,Tre 'Showtime' Holloway,United States,Callum 'The Crown' Reid,United Kingdom,15,Heavyweight,False,False,False,Promoter D,PPV,59.99,23.0
EV028,2025-11-15,Las Vegas,United States,North America,Arena,17028,15992,Malik 'Smooth' Carter vs Takumi 'Blade' Sato,Malik 'Smooth' Carter,United States,Takumi 'Blade' Sato,Japan,12,Middleweight,True,False,False,Promoter D,Subscription,0.0,23.0
EV029,2025-11-22,London,United Kingdom,Europe,Arena,15048,14805,Ethan 'Iceman' Brooks vs Kenji 'Storm' Watanabe,Ethan 'Iceman' Brooks,United Kingdom,Kenji 'Storm' Watanabe,Japan,14,Super Bantamweight,True,False,True,Promoter B,Subscription,0.0,17.5
EV030,2025-12-13,Las Vegas,United States,North America,Arena,17720,17720,Tre 'Showtime' Holloway vs Nia 'Queen' Johnson,Tre 'Showtime' Holloway,United States,Nia 'Queen' Johnson,United States,14,Middleweight,True,False,False,Promoter A,Subscription,0.0,23.0
EV031,2026-01-03,Manchester,United Kingdom,Europe,Arena,15605,15508,Owen 'Hammer' Price vs Javier 'Toro' Santana,Owen 'Hammer' Price,United Kingdom,Javier 'Toro' Santana,Mexico,12,Super Middleweight,True,False,False,Promoter D,Subscription,0.0,17.5
EV032,2026-01-10,London,United Kingdom,Europe,Arena,17203,17203,Danny 'Diesel' Okafor vs Callum 'The Crown' Reid,Danny 'Diesel' Okafor,United Kingdom,Callum 'The Crown' Reid,United Kingdom,16,Lightweight,True,False,False,Promoter C,PPV,59.99,17.5
EV033,2026-01-24,Atlanta,United States,North America,Arena,18543,18543,Kenji 'Storm' Watanabe vs Malik 'Smooth' Carter,Kenji 'Storm' Watanabe,Japan,Malik 'Smooth' Carter,United States,15,Middleweight,True,False,False,Promoter C,PPV,59.99,23.0
EV034,2026-02-28,Los Angeles,United States,North America,Arena,15514,15514,Nia 'Queen' Johnson vs Tre 'Showtime' Holloway,Nia 'Queen' Johnson,United States,Tre 'Showtime' Holloway,United States,14,Women's Lightweight,False,True,False,Promoter A,Subscription,0.0,23.0
EV035,2026-03-14,Cardiff,United Kingdom,Europe,Stadium,75840,62926,Sione 'Tank' Tupou vs Jack 'Bulldog' Kennedy,Sione 'Tank' Tupou,Australia,Jack 'Bulldog' Kennedy,Australia,11,Featherweight,True,False,False,Promoter E,Subscription,0.0,17.5
EV036,2026-04-11,San Antonio,United States,North America,Arena,19949,16769,Rocco 'Bull' Marino vs Andre 'Smoke' Lewis,Rocco 'Bull' Marino,United States,Andre 'Smoke' Lewis,Canada,11,Super Middleweight,True,False,False,Promoter E,Subscription,0.0,23.0
EV037,2026-05-09,Los Angeles,United States,North America,Arena,19080,19080,Malik 'Smooth' Carter vs Liam 'Lionheart' Doyle,Malik 'Smooth' Carter,United States,Liam 'Lionheart' Doyle,Ireland,13,Welterweight,True,False,False,Promoter C,Subscription,0.0,23.0
EV038,2026-05-16,Newark,United States,North America,Arena,16799,16766,Aisling 'Banshee' Murphy vs Kenji 'Storm' Watanabe,Aisling 'Banshee' Murphy,Ireland,Kenji 'Storm' Watanabe,Japan,16,Women's Lightweight,True,True,False,Promoter E,PPV,59.99,23.0
EV039,2026-05-23,Sydney,Australia,Asia-Pacific,Arena,15697,15112,Callum 'The Crown' Reid vs Marco 'El Rayo' Ibarra,Callum 'The Crown' Reid,United Kingdom,Marco 'El Rayo' Ibarra,Mexico,16,Featherweight,True,False,False,Promoter D,PPV,59.99,6.0
EV040,2026-05-30,London,United Kingdom,Europe,Small Arena,7924,5659,Carlos 'Matador' Ruiz vs Hugo 'Tormenta' Castillo,Carlos 'Matador' Ruiz,Spain,Hugo 'Tormenta' Castillo,Mexico,9,Lightweight,True,False,False,Promoter C,Subscription,0.0,17.5
EV041,2026-07-04,New York,United States,North America,Arena,17524,14893,Takumi 'Blade' Sato vs Liam 'Lionheart' Doyle,Takumi 'Blade' Sato,Japan,Liam 'Lionheart' Doyle,Ireland,11,Welterweight,False,False,False,Promoter A,Subscription,0.0,23.0
EV042,2026-07-25,London,United Kingdom,Europe,Arena,18498,16467,Kenji 'Storm' Watanabe vs Viktor 'Wolf' Petrov,Kenji 'Storm' Watanabe,Japan,Viktor 'Wolf' Petrov,Germany,12,Super Bantamweight,True,False,False,Promoter C,Subscription,0.0,17.5
EV043,2026-08-01,Manchester,United Kingdom,Europe,Arena,15469,15469,Danny 'Diesel' Okafor vs Luis 'Cobra' Mendoza,Danny 'Diesel' Okafor,United Kingdom,Luis 'Cobra' Mendoza,Mexico,15,Middleweight,True,False,False,Promoter E,PPV,59.99,17.5
EV044,2026-08-15,Dublin,Ireland,Europe,Stadium,58924,56999,Danny 'Diesel' Okafor vs Marco 'El Rayo' Ibarra,Danny 'Diesel' Okafor,United Kingdom,Marco 'El Rayo' Ibarra,Mexico,18,Middleweight,True,False,False,Promoter B,PPV,59.99,17.5
EV045,2026-08-22,Tokyo,Japan,Asia-Pacific,Arena,16704,15801,Aisling 'Banshee' Murphy vs Tre 'Showtime' Holloway,Aisling 'Banshee' Murphy,Ireland,Tre 'Showtime' Holloway,United States,16,Women's Lightweight,True,True,False,Promoter C,PPV,59.99,6.0
EV046,2026-08-29,Riyadh,Saudi Arabia,Middle East,Arena,17209,17209,Danny 'Diesel' Okafor vs Rocco 'Bull' Marino,Danny 'Diesel' Okafor,United Kingdom,Rocco 'Bull' Marino,United States,15,Middleweight,False,False,False,Promoter E,PPV,59.99,17.0
EV047,2026-09-05,Las Vegas,United States,North America,Arena,19452,19129,Malik 'Smooth' Carter vs Sione 'Tank' Tupou,Malik 'Smooth' Carter,United States,Sione 'Tank' Tupou,Australia,13,Super Middleweight,True,False,False,Promoter D,Subscription,0.0,23.0
EV048,2026-09-26,Riyadh,Saudi Arabia,Middle East,Stadium,62452,62452,Danny 'Diesel' Okafor vs Aisling 'Banshee' Murphy,Danny 'Diesel' Okafor,United Kingdom,Aisling 'Banshee' Murphy,Ireland,17,Middleweight,True,False,True,Promoter A,PPV,59.99,17.0
