Series_Event,Event_Date,Market,Headliner_Latino,Next_Card_Announced_On_Air,TV_Viewers,Promo_Code_Signups,Retained_30d,Retained_60d,Next_PPV_Buys,Social_Video_Views
Month 01,2025-10-04,Houston,True,True,"51,379",497,367,306.0,107,470020
Month 01,2025-10-04,Los Angeles,True,True,59854,742,537,407.0,97,696350
Month 01,2025-10-04,New York,True,True,44213,460,342,277.0,93,302428
Month 01,2025-10-04,Chicago,True,True,"36,889",502,394,311.0,50,250062
Month 01,2025-10-04,San Antonio,True,True,46418,440,320,260.0,89,504265
Month 01,2025-10-04,Phoenix,True,True,48138,453,364,281.0,79,535913
Month 01,2025-10-04,Dallas,True,True,44981,457,343,265.0,95,329360
Month 01,2025-10-04,Miami,True,True,35500,350,259,200.0,39,335433
Month 01,2025-10-04,Atlanta,True,True,"33,476",399,304,226.0,64,326887
Month 01,2025-10-04,Philadelphia,True,True,32992,384,286,228.0,82,274936
Month 01,2025-10-04,Las Vegas,True,True,28036,273,209,171.0,32,177776
Month 01,2025-10-04,Denver,True,True,21557,176,131,115.0,21,202719
Month 01,2025-10-04,Detroit,True,True,"26,681",347,248,202.0,46,277124
Month 01,2025-10-04,El Paso,True,True,41450,567,438,355.0,78,479778
Month 01,2025-10-04,Sacramento,True,True,22111,233,161,120.0,45,190147
Month 01,2025-10-04,San Diego,True,True,"27,554",307,210,171.0,41,320204
Month 01,2025-10-04,Orlando,True,True,24644,311,228,179.0,32,226324
Month 01,2025-10-04,"Washington, D.C.",True,True,27114,277,199,163.0,57,313687
Month 01,2025-10-04,Boston,True,True,20443,269,196,149.0,53,234444
Month 01,2025-10-04,Fresno,True,True,"40,269",527,391,323.0,105,266899
Month 02,2025-11-04,Houston,False,False,"43,054",575,369,237.0,58,505702
Month 02,2025-11-04,Los Angeles,False,False,45727,443,257,177.0,83,257339
Month 02,2025-11-04,"New York, NY",False,False,39894,390,241,159.0,75,468743
Month 02,2025-11-04,Chicago,False,False,38538,398,222,139.0,79,413672
Month 02,2025-11-04,San Antonio,False,False,"42,981",524,283,174.0,82,279236
Month 02,2025-11-04,Phoenix,False,False,37570,376,200,130.0,59,389926
Month 02,2025-11-04,Dallas,False,False,44071,564,332,220.0,106,419596
Month 02,2025-11-04,Miami,False,False,30947,385,204,131.0,80,236625
Month 02,2025-11-04,Atlanta,False,False,31268,360,202,133.0,43,212093
Month 02,2025-11-04,Philadelphia,False,False,29099,239,154,96.0,28,292661
Month 02,2025-11-04,Las Vegas,False,False,"31,771",313,187,115.0,44,325698
Month 02,2025-11-04,Denver,False,False,25323,231,134,89.0,38,172156
Month 02,2025-11-04,Detroit,False,False,28291,315,187,123.0,38,283751
Month 02,2025-11-04,El Paso,False,False,"33,076",289,171,125.0,60,351920
Month 02,2025-11-04,Sacramento,False,False,"21,695",259,137,89.0,27,238635
Month 02,2025-11-04,San Diego,False,False,27959,242,139,99.0,48,148485
Month 02,2025-11-04,Orlando,False,False,"24,360",206,132,85.0,35,255903
Month 02,2025-11-04,Washington DC,False,False,26157,310,180,117.0,62,279979
Month 02,2025-11-04,Boston,False,False,"20,954",250,150,101.0,39,113892
Month 02,2025-11-04,Fresno,False,False,28115,392,212,138.0,54,277939
Month 03,2025-12-04,Houston,True,True,"65,337",785,547,450.0,169,770520
Month 03,2025-12-04,Los Angeles,True,True,70681,890,657,525.0,160,479774
Month 03,2025-12-04,"New York, NY",True,True,"46,207",626,400,288.0,130,435604
Month 03,2025-12-04,Chicago,True,True,39137,497,335,274.0,101,229953
Month 03,2025-12-04,San Antonio,True,True,"61,621",792,565,,144,337449
Month 03,2025-12-04,Phoenix,True,True,"49,091",655,428,315.0,78,328058
Month 03,2025-12-04,Dallas,True,True,48540,481,346,272.0,96,290576
Month 03,2025-12-04,Miami,True,True,"35,259",433,305,245.0,85,331318
Month 03,2025-12-04,Atlanta,True,True,35067,435,376,307.0,81,408058
Month 03,2025-12-04,Philadelphia,True,True,"32,158",326,242,198.0,57,305069
Month 03,2025-12-04,Las Vegas,True,True,32870,298,199,162.0,49,244255
Month 03,2025-12-04,Denver,True,True,26032,229,181,151.0,48,182940
Month 03,2025-12-04,Detroit,True,True,"29,798",347,260,209.0,41,240498
Month 03,2025-12-04,El Paso,True,True,50457,680,515,426.0,124,573332
Month 03,2025-12-04,Sacramento,True,True,26090,354,256,209.0,57,143004
Month 03,2025-12-04,San Diego,True,True,"28,522",357,272,227.0,44,255729
Month 03,2025-12-04,Orlando,True,True,27288,273,202,161.0,28,258895
Month 03,2025-12-04,"Washington, D.C.",True,True,26263,300,215,179.0,38,222852
Month 03,2025-12-04,Boston,True,True,19829,190,133,105.0,25,230738
Month 03,2025-12-04,Fresno,True,True,"40,542",547,418,357.0,74,428287
Month 04,2026-01-04,Houston,False,True,48584,620,464,,74,329093
Month 04,2026-01-04,Los Angeles,False,True,55246,768,574,480.0,95,424986
Month 04,2026-01-04,"New York, NY",False,True,44308,577,396,330.0,76,426257
Month 04,2026-01-04,Chicago,False,True,48705,623,478,389.0,124,284080
Month 04,2026-01-04,San Antonio,False,True,"44,004",483,345,266.0,55,300876
Month 04,2026-01-04,Phoenix,False,True,34479,381,284,203.0,42,378676
Month 04,2026-01-04,Dallas,False,True,39058,413,298,247.0,43,425385
Month 04,2026-01-04,Miami,False,True,34932,472,331,246.0,69,178034
Month 04,2026-01-04,Atlanta,False,True,30411,383,278,222.0,56,242092
Month 04,2026-01-04,Philadelphia,False,True,30418,331,245,213.0,50,165600
Month 04,2026-01-04,Las Vegas,False,True,"31,209",326,223,169.0,52,272854
Month 04,2026-01-04,Denver,False,True,26413,277,196,157.0,40,208233
Month 04,2026-01-04,Detroit,False,True,29089,335,270,214.0,70,244920
Month 04,2026-01-04,El Paso,False,True,39997,368,265,193.0,73,478491
Month 04,2026-01-04,Sacramento,False,True,30685,352,268,214.0,61,283327
Month 04,2026-01-04,San Diego,False,True,"27,529",236,176,152.0,48,159164
Month 04,2026-01-04,Orlando,False,True,25209,270,199,167.0,52,203068
Month 04,2026-01-04,Washington DC,False,True,29944,298,230,184.0,46,321081
Month 04,2026-01-04,Boston,False,True,24939,311,245,198.0,31,148873
Month 04,2026-01-04,Fresno,False,True,29905,248,176,151.0,46,300855
Month 05,2026-02-04,Houston,False,False,49999,405,207,125.0,54,569866
Month 05,2026-02-04,Los Angeles,False,False,54287,690,413,243.0,101,328278
Month 05,2026-02-04,"New York, NY",False,False,54086,589,355,234.0,106,305578
Month 05,2026-02-04,Chicago,False,False,42205,446,276,193.0,88,217948
Month 05,2026-02-04,San Antonio,False,False,"50,230",530,327,228.0,96,382517
Month 05,2026-02-04,Phoenix,False,False,41388,448,229,159.0,79,220508
Month 05,2026-02-04,Dallas,False,False,47730,412,234,149.0,66,408808
Month 05,2026-02-04,Miami,False,False,31108,264,176,125.0,35,204983
Month 05,2026-02-04,Atlanta,False,False,33553,404,239,161.0,80,204556
Month 05,2026-02-04,Philadelphia,False,False,32723,451,242,148.0,98,354451
Month 05,2026-02-04,Las Vegas,False,False,31363,313,188,124.0,42,240218
Month 05,2026-02-04,Denver,False,False,30364,243,164,118.0,44,325408
Month 05,2026-02-04,Detroit,False,False,35639,297,172,99.0,54,237289
Month 05,2026-02-04,El Paso,False,False,40028,431,272,182.0,72,300235
Month 05,2026-02-04,Sacramento,False,False,"25,095",207,111,68.0,21,168622
Month 05,2026-02-04,San Diego,False,False,27969,271,162,110.0,53,193414
Month 05,2026-02-04,Orlando,False,False,"22,617",294,188,127.0,41,207795
Month 05,2026-02-04,DC,False,False,32451,334,183,111.0,50,361279
Month 05,2026-02-04,Boston,False,False,25003,308,187,127.0,48,281149
Month 05,2026-02-04,Fresno,False,False,32161,342,202,133.0,38,343000
Month 06,2026-03-04,Houston,True,True,73846,999,710,549.0,168,770356
Month 06,2026-03-04,Los Angeles,True,True,78274,873,600,480.0,168,619152
Month 06,2026-03-04,New York,True,True,47347,446,332,279.0,87,503207
Month 06,2026-03-04,Chicago,True,True,"45,834",380,287,232.0,61,260243
Month 06,2026-03-04,San Antonio,True,True,71494,956,680,542.0,173,395733
Month 06,2026-03-04,Phoenix,True,True,63020,631,484,417.0,77,322816
Month 06,2026-03-04,Dallas,True,True,72228,583,380,322.0,63,638871
Month 06,2026-03-04,Miami,True,True,41557,475,341,256.0,61,421000
Month 06,2026-03-04,Atlanta,True,True,36096,473,364,305.0,77,397908
Month 06,2026-03-04,Philadelphia,True,True,"37,134",475,351,257.0,103,318392
Month 06,2026-03-04,Las Vegas,True,True,"40,536",489,392,301.0,85,454440
Month 06,2026-03-04,Denver,True,True,"30,394",395,281,218.0,72,207424
Month 06,2026-03-04,Detroit,True,True,"31,364",370,261,206.0,58,349155
Month 06,2026-03-04,El Paso,True,True,52978,524,418,340.0,56,311041
Month 06,2026-03-04,Sacramento,True,True,25666,345,259,221.0,57,151724
Month 06,2026-03-04,San Diego,True,True,33336,273,205,173.0,46,262347
Month 06,2026-03-04,Orlando,True,True,"24,736",329,231,179.0,64,177198
Month 06,2026-03-04,Washington DC,True,True,34519,332,239,183.0,51,214279
Month 06,2026-03-04,Boston,True,True,22434,193,152,136.0,21,153787
Month 06,2026-03-04,Fresno,True,True,"45,191",585,399,334.0,111,426684
Month 07,2026-04-04,Houston,False,True,"50,870",598,443,330.0,108,547167
Month 07,2026-04-04,Los Angeles,False,True,"52,183",568,376,293.0,87,324736
Month 07,2026-04-04,New York,False,True,45229,373,282,236.0,56,381012
Month 07,2026-04-04,Chicago,False,True,44421,502,379,309.0,77,276927
Month 07,2026-04-04,San Antonio,False,True,51263,623,477,402.0,83,304075
Month 07,2026-04-04,Phoenix,False,True,"43,368",575,369,282.0,84,251876
Month 07,2026-04-04,DFW,False,True,44729,604,456,385.0,75,466467
Month 07,2026-04-04,Miami,False,True,"36,121",328,230,199.0,42,292601
Month 07,2026-04-04,Atlanta,False,True,35416,341,263,234.0,69,399964
Month 07,2026-04-04,Philadelphia,False,True,"38,291",523,386,344.0,99,249047
Month 07,2026-04-04,Las Vegas,False,True,37285,344,265,226.0,41,423527
Month 07,2026-04-04,Denver,False,True,"30,340",418,287,232.0,75,192589
Month 07,2026-04-04,Detroit,False,True,30375,251,187,142.0,52,156500
Month 07,2026-04-04,El Paso,False,True,"42,005",559,411,317.0,86,465809
Month 07,2026-04-04,Sacramento,False,True,"31,335",318,220,,57,165015
Month 07,2026-04-04,San Diego,False,True,33919,378,271,217.0,58,281642
Month 07,2026-04-04,Orlando,False,True,24909,311,231,180.0,46,272685
Month 07,2026-04-04,Washington DC,False,True,"28,882",292,229,198.0,29,208386
Month 07,2026-04-04,Boston,False,True,23916,204,153,,41,252983
Month 07,2026-04-04,Fresno,False,True,31445,331,254,203.0,40,363412
Month 08,2026-05-04,Houston,True,False,71318,759,482,300.0,154,660295
Month 08,2026-05-04,Los Angeles,True,False,"77,934",995,606,353.0,200,915672
Month 08,2026-05-04,New York,True,False,"49,378",500,269,163.0,86,517272
Month 08,2026-05-04,Chicago,True,False,"56,957",786,437,293.0,109,603166
Month 08,2026-05-04,San Antonio,True,False,75626,809,488,349.0,134,419985
Month 08,2026-05-04,Phoenix,True,False,"55,786",704,447,341.0,141,506722
Month 08,2026-05-04,Dallas,True,False,"65,824",724,433,292.0,93,685009
Month 08,2026-05-04,Miami,True,False,"37,846",309,183,115.0,58,417138
Month 08,2026-05-04,Atlanta,True,False,"38,804",438,234,171.0,61,209155
Month 08,2026-05-04,Philadelphia,True,False,36814,444,268,167.0,73,216365
Month 08,2026-05-04,Las Vegas,True,False,43124,420,240,149.0,91,364256
Month 08,2026-05-04,Denver,True,False,31948,414,210,128.0,82,232396
Month 08,2026-05-04,Detroit,True,False,"31,189",325,175,101.0,70,362162
Month 08,2026-05-04,El Paso,True,False,55273,526,319,228.0,103,340910
Month 08,2026-05-04,Sacramento,True,False,28511,297,202,148.0,46,266822
Month 08,2026-05-04,San Diego,True,False,"34,988",294,172,114.0,33,206917
Month 08,2026-05-04,Orlando,True,False,32491,439,253,165.0,81,336724
Month 08,2026-05-04,Washington DC,True,False,34743,363,213,146.0,58,192436
Month 08,2026-05-04,Boston,True,False,27661,252,161,102.0,35,291327
Month 08,2026-05-04,Fresno,True,False,45654,630,398,285.0,71,442656
Month 09,2026-06-04,Houston,False,True,65254,620,439,361.0,133,576588
Month 09,2026-06-04,"Los Angeles, CA",False,True,61882,689,487,411.0,90,580438
Month 09,2026-06-04,New York,False,True,54690,458,326,247.0,51,654870
Month 09,2026-06-04,Chicago,False,True,53469,653,483,395.0,136,324294
Month 09,2026-06-04,San Antonio,False,True,46521,633,482,374.0,135,503513
Month 09,2026-06-04,Phoenix,False,True,47629,460,331,270.0,84,491892
Month 09,2026-06-04,Dallas,False,True,52968,476,341,246.0,75,487901
Month 09,2026-06-04,Miami,False,True,40002,549,425,364.0,105,393296
Month 09,2026-06-04,Atlanta,False,True,35903,477,368,261.0,69,374302
Month 09,2026-06-04,Philadelphia,False,True,"40,041",444,340,274.0,83,203068
Month 09,2026-06-04,Las Vegas,False,True,"38,180",407,281,214.0,70,338791
Month 09,2026-06-04,Denver,False,True,"29,118",265,175,132.0,54,151068
Month 09,2026-06-04,Detroit,False,True,"31,208",319,240,184.0,54,261674
Month 09,2026-06-04,El Paso,False,True,38156,366,251,196.0,43,332861
Month 09,2026-06-04,Sacramento,False,True,"29,415",384,282,209.0,74,183860
Month 09,2026-06-04,San Diego,False,True,"33,005",377,265,,71,374632
Month 09,2026-06-04,Orlando,False,True,"29,759",316,240,,42,186592
Month 09,2026-06-04,Washington DC,False,True,"32,222",260,195,155.0,31,241631
Month 09,2026-06-04,Boston,False,True,27992,256,195,162.0,38,193789
Month 09,2026-06-04,Fresno,False,True,34811,452,342,273.0,83,375327
Month 10,2026-07-04,Houston,False,True,63272,673,463,377.0,106,520959
Month 10,2026-07-04,Los Angeles,False,True,51118,501,354,298.0,72,610208
Month 10,2026-07-04,"New York, NY",False,True,"61,402",581,458,398.0,110,626128
Month 10,2026-07-04,Chicago,False,True,"54,278",489,339,257.0,106,642931
Month 10,2026-07-04,San Antonio,False,True,"54,758",447,340,278.0,65,433622
Month 10,2026-07-04,Phoenix,False,True,47984,599,484,385.0,119,298739
Month 10,2026-07-04,Dallas,False,True,51843,618,509,400.0,133,471925
Month 10,2026-07-04,Miami,False,True,"40,857",371,259,201.0,69,395128
Month 10,2026-07-04,Atlanta,False,True,"41,658",364,272,240.0,71,223826
Month 10,2026-07-04,Philadelphia,False,True,42070,346,270,,61,362519
Month 10,2026-07-04,Las Vegas,False,True,34256,294,206,169.0,43,331906
Month 10,2026-07-04,Denver,False,True,32359,344,250,181.0,64,221502
Month 10,2026-07-04,Detroit,False,True,33847,459,292,218.0,64,368785
Month 10,2026-07-04,El Paso,False,True,37733,494,359,322.0,63,451981
Month 10,2026-07-04,Sacramento,False,True,33141,329,217,172.0,50,388791
Month 10,2026-07-04,San Diego,False,True,33637,280,210,164.0,29,388419
Month 10,2026-07-04,Orlando,False,True,33346,321,250,207.0,58,185080
Month 10,2026-07-04,Washington DC,False,True,37160,412,278,229.0,90,375248
Month 10,2026-07-04,Boston,False,True,"30,535",279,192,155.0,28,170072
Month 10,2026-07-04,Fresno,False,True,36307,393,291,231.0,75,370342
Month 11,2026-08-04,Houston,False,False,58663,609,327,206.0,127,699756
Month 11,2026-08-04,LA,False,False,61258,568,363,269.0,102,562079
Month 11,2026-08-04,"New York, NY",False,False,"60,780",585,350,217.0,60,637772
Month 11,2026-08-04,Chicago,False,False,"53,342",654,380,231.0,121,556423
Month 11,2026-08-04,San Antonio,False,False,62588,520,290,189.0,108,529657
Month 11,2026-08-04,Phoenix,False,False,"45,980",423,268,202.0,48,518313
Month 11,2026-08-04,Dallas,False,False,65749,671,337,209.0,132,446608
Month 11,2026-08-04,Miami,False,False,47195,639,415,283.0,117,480195
Month 11,2026-08-04,Atlanta,False,False,37601,518,303,174.0,72,366058
Month 11,2026-08-04,Philadelphia,False,False,"39,536",403,265,156.0,73,387812
Month 11,2026-08-04,Las Vegas,False,False,47075,456,263,165.0,89,474433
Month 11,2026-08-04,Denver,False,False,29795,328,171,104.0,60,305217
Month 11,2026-08-04,Detroit,False,False,36568,329,202,132.0,43,207613
Month 11,2026-08-04,El Paso,False,False,49430,616,374,250.0,104,487500
Month 11,2026-08-04,Sacramento,False,False,34266,422,259,173.0,87,300627
Month 11,2026-08-04,San Diego,False,False,"37,950",323,213,144.0,69,277644
Month 11,2026-08-04,Orlando,False,False,"28,163",337,205,148.0,47,230143
Month 11,2026-08-04,"Washington, D.C.",False,False,32924,280,162,105.0,44,277897
Month 11,2026-08-04,Boston,False,False,"27,801",355,202,136.0,60,308723
Month 11,2026-08-04,Fresno,False,False,35594,343,202,135.0,36,229416
Month 12,2026-09-04,Houston,False,True,52767,450,312,237.0,79,625232
Month 12,2026-09-04,LA,False,True,"62,983",576,427,316.0,79,691380
Month 12,2026-09-04,"New York, NY",False,True,53424,578,420,335.0,59,413270
Month 12,2026-09-04,Chicago,False,True,57208,622,481,398.0,100,325056
Month 12,2026-09-04,San Antonio,False,True,58245,532,369,286.0,62,345096
Month 12,2026-09-04,Phoenix,False,True,"53,715",717,576,457.0,88,395824
Month 12,2026-09-04,Dallas,False,True,"48,261",660,461,379.0,68,318153
Month 12,2026-09-04,Miami,False,True,41198,521,409,331.0,98,421837
Month 12,2026-09-04,Atlanta,False,True,40716,340,259,206.0,62,444144
Month 12,2026-09-04,Philadelphia,False,True,"40,494",371,291,263.0,75,309198
Month 12,2026-09-04,Las Vegas,False,True,"41,911",573,466,383.0,74,330057
Month 12,2026-09-04,Denver,False,True,32854,371,284,229.0,63,364662
Month 12,2026-09-04,Detroit,False,True,"34,038",280,219,187.0,50,372737
Month 12,2026-09-04,El Paso,False,True,"49,122",436,317,246.0,70,550242
Month 12,2026-09-04,Sacramento,False,True,36744,364,254,204.0,55,251084
Month 12,2026-09-04,San Diego,False,True,"31,074",301,224,188.0,44,263005
Month 12,2026-09-04,Orlando,False,True,33594,270,182,145.0,54,368594
Month 12,2026-09-04,DC,False,True,35392,487,363,299.0,81,206947
Month 12,2026-09-04,Boston,False,True,"29,978",277,210,168.0,41,351109
Month 12,2026-09-04,Fresno,False,True,35039,459,346,278.0,95,357910
