Event_ID,Country,Live_Viewers,Avg_Minutes_Watched,New_Signups,PPV_Buys,Est_Illegal_Streams,Social_Video_Views
EV001,United States,1363954,60.6,,0,305664,11152753
EV001,United Kingdom,667569,72.2,19869.0,0,198308,4570391
EV001,Mexico,185962,84.9,2451.0,0,116968,1321943
EV001,Canada,67758,97.0,1548.0,0,16937,473523
EV001,IE,27287,85.2,748.0,0,5014,183170
EV001,Spain,26513,65.8,393.0,0,8802,364918
EV001,Germany,29618,80.8,686.0,0,9285,328455
EV001,Saudi Arabia,18143,78.3,211.0,0,6812,181442
EV001,Australia,41270,51.0,,0,7781,481331
EV001,Japan,22236,73.6,638.0,0,4428,287646
EV002,US,1301156,59.9,18081.0,0,244756,14475279
EV002,United Kingdom,299245,79.0,5588.0,0,78316,3064702
EV002,MX,203203,88.8,3032.0,0,123383,1353449
EV002,Canada,64173,87.1,1072.0,0,15466,700818
EV002,Ireland,43358,59.4,602.0,0,9520,440729
EV002,Spain,21452,43.4,570.0,0,7558,270849
EV002,Germany,28307,71.8,329.0,0,9377,296708
EV002,SA,16919,66.6,458.0,0,7241,132810
EV002,AU,46754,82.8,1166.0,0,12472,354569
EV002,Japan,20376,39.8,572.0,0,4285,265461
EV003,United States,512930,80.8,10343.0,0,113735,4596521
EV003,United Kingdom,448038,57.0,7905.0,0,138328,5274453
EV003,Mexico,200528,72.0,2307.0,0,111277,2253558
EV003,Canada,51406,33.2,536.0,0,12088,567131
EV003,Ireland,78710,55.0,870.0,0,11628,755777
EV003,Spain,30135,67.7,421.0,0,9727,202897
EV003,Germany,27803,51.5,525.0,0,10922,171377
EV003,Saudi Arabia,16110,75.2,348.0,0,4774,136135
EV003,Australia,130906,69.1,2053.0,0,31254,1254807
EV003,Japan,15862,61.8,183.0,0,3052,99278
EV004,United States,1024434,78.0,30478.0,0,233243,7318378
EV004,United Kingdom,263314,65.3,4654.0,0,87693,2774421
EV004,Mexico,367830,57.7,7758.0,0,177584,2880506
EV004,Canada,53393,69.8,1029.0,0,13015,342707
EV004,Ireland,19672,60.3,289.0,0,4148,162843
EV004,Spain,24779,66.6,331.0,0,7963,242873
EV004,Germany,22730,88.5,288.0,0,6295,278016
EV004,Saudi Arabia,21150,81.6,625.0,0,9671,188791
EV004,Australia,40732,67.5,1065.0,0,9911,370570
EV004,Japan,23039,46.4,576.0,0,4847,316413
EV005,United States,989397,62.4,20784.0,0,199671,10732394
EV005,United Kingdom,111485,55.5,,0,38536,1425890
EV005,Mexico,184939,59.0,4976.0,0,100756,1984989
EV005,Canada,33973,46.7,695.0,0,6351,210287
EV005,Ireland,11756,39.1,212.0,0,2132,81363
EV005,Spain,11437,51.3,310.0,0,4508,78567
EV005,Germany,13821,54.8,313.0,0,4560,92305
EV005,Saudi Arabia,6821,31.6,92.0,0,3066,56431
EV005,Australia,130200,104.6,1873.0,0,31431,866815
EV005,Japan,56585,63.1,1157.0,0,10901,579729
EV006,United States,703998,51.9,20922.0,0,124770,5773383
EV006,United Kingdom,68960,58.9,906.0,0,22370,428751
EV006,Mexico,129808,44.4,3492.0,0,62273,1159723
EV006,Canada,30209,62.5,513.0,0,7934,406714
EV006,IE,6478,48.3,180.0,0,1774,57412
EV006,Spain,7387,46.5,175.0,0,2562,50788
EV006,DE,9738,65.0,162.0,0,2846,83283
EV006,Saudi Arabia,5948,43.3,140.0,0,2405,43286
EV006,AU,29457,64.9,867.0,0,8763,385348
EV006,Japan,44428,69.1,1067.0,0,6207,558136
EV007,US,562544,73.5,16573.0,0,118598,4625291
EV007,United Kingdom,315448,66.2,5912.0,0,72552,2477501
EV007,Mexico,187795,87.6,2175.0,0,73189,2432117
EV007,Canada,54057,72.7,769.0,0,15426,497047
EV007,Ireland,64366,88.8,1337.0,0,16223,703406
EV007,ES,16382,58.6,398.0,0,5820,108344
EV007,Germany,30795,75.6,639.0,0,10478,221705
EV007,Saudi Arabia,10877,41.0,136.0,0,4525,92743
EV007,Australia,41374,52.6,989.0,0,9663,307201
EV007,Japan,60297,48.7,1383.0,0,6566,826318
EV008,United States,779846,58.7,33410.0,428915,571750,7928685
EV008,United Kingdom,80935,54.1,2279.0,44514,98871,664966
EV008,Mexico,162014,79.3,5109.0,89107,322523,2138409
EV008,Canada,30086,48.9,1343.0,16547,37766,388143
EV008,Ireland,6963,45.3,299.0,3829,7726,95544
EV008,ES,10541,46.3,634.0,5797,16076,89302
EV008,Germany,11204,43.8,531.0,6162,15357,80024
EV008,Saudi Arabia,5477,50.7,137.0,3012,10072,67255
EV008,Australia,37295,63.8,2111.0,20512,43066,360420
EV008,Japan,126312,65.2,8211.0,69471,89306,1630217
EV009,United States,404939,80.4,19097.0,222716,367009,2768080
EV009,United Kingdom,98785,47.1,4645.0,54331,124730,731627
EV009,Mexico,393138,73.9,24240.0,216225,874600,3444109
EV009,Canada,29726,50.7,1659.0,16349,41062,402246
EV009,Ireland,8604,41.5,554.0,4732,9305,71013
EV009,Spain,10063,41.2,447.0,5534,11605,107132
EV009,Germany,11569,69.4,620.0,6362,13076,138427
EV009,Saudi Arabia,6012,51.6,159.0,3306,12387,70987
EV009,Australia,79531,68.3,3353.0,43742,67522,592714
EV009,Japan,55522,87.4,1323.0,30537,24166,453611
EV010,United States,843697,60.4,14451.0,0,178492,6749576
EV010,United Kingdom,79712,48.2,1540.0,0,18790,1064580
EV010,Mexico,174986,87.9,2818.0,0,86333,2414745
EV010,Canada,33819,44.9,643.0,0,9688,382286
EV010,Ireland,11324,51.5,334.0,0,3208,150847
EV010,Spain,9443,51.1,127.0,0,3487,101809
EV010,Germany,12748,56.0,267.0,0,3986,96672
EV010,Saudi Arabia,7037,53.5,185.0,0,2595,74905
EV010,Australia,35403,78.6,784.0,0,7469,254639
EV010,Japan,53898,64.5,1026.0,0,12059,505241
EV011,United States,422963,78.7,12077.0,232629,379941,5669004
EV011,United Kingdom,311866,41.2,18488.0,171526,226363,2696452
EV011,Mexico,571249,44.6,22601.0,314186,1008971,6420755
EV011,Canada,44686,55.1,1624.0,24577,35892,436574
EV011,Ireland,13805,23.1,892.0,7592,10638,192506
EV011,Spain,13929,61.6,330.0,7660,21630,190486
EV011,DE,14526,64.1,740.0,7989,16083,188161
EV011,Saudi Arabia,6955,61.7,226.0,3825,14233,88909
EV011,Australia,51684,40.2,1844.0,28426,55232,417308
EV011,Japan,63616,59.8,1612.0,34988,31737,656566
EV012,United States,1137527,64.7,18625.0,0,254306,15086878
EV012,United Kingdom,703127,77.8,11496.0,0,219868,6499449
EV012,Mexico,150357,29.9,4443.0,0,81350,910080
EV012,Canada,53919,91.1,612.0,0,15456,579779
EV012,Ireland,33181,52.8,637.0,0,7011,403714
EV012,Spain,25482,43.8,638.0,0,6509,317883
EV012,Germany,20743,39.9,318.0,0,6374,208937
EV012,Saudi Arabia,21613,80.3,563.0,0,9451,243953
EV012,Australia,38739,83.5,951.0,0,8831,431834
EV012,Japan,16829,48.4,,0,2717,190281
EV013,US,1021515,62.6,27431.0,0,235311,11298166
EV013,United Kingdom,92961,38.1,1477.0,0,27367,1263871
EV013,Mexico,167948,26.9,4055.0,0,104200,1126509
EV013,Canada,46877,57.0,895.0,0,10420,345189
EV013,Ireland,11531,42.4,162.0,0,3016,122627
EV013,Spain,13906,55.7,326.0,0,4097,137115
EV013,Germany,14597,62.0,405.0,0,5469,156320
EV013,Saudi Arabia,9414,70.6,100.0,0,3790,66592
EV013,Australia,47024,64.3,1027.0,0,7744,534638
EV013,Japan,54205,63.0,548.0,0,12125,610117
EV014,United States,961108,65.2,45498.0,528609,568461,7584718
EV014,United Kingdom,243261,53.2,10591.0,133793,271165,2376024
EV014,Mexico,158363,83.5,9954.0,87099,417268,2209433
EV014,Canada,50275,71.3,3064.0,27651,51268,613054
EV014,Ireland,63098,88.8,2192.0,34703,58566,616957
EV014,Spain,22951,49.2,1146.0,12623,23694,158044
EV014,Germany,27799,78.5,1239.0,15289,39352,346933
EV014,Saudi Arabia,12793,44.2,818.0,7036,25327,82442
EV014,Australia,37399,34.4,2188.0,20569,39982,243159
EV014,Japan,17264,63.4,980.0,9495,14388,208308
EV015,United States,1383733,59.9,21634.0,0,274732,8797589
EV015,GB,321718,45.8,9468.0,0,97910,4487219
EV015,Mexico,214646,70.7,5999.0,0,115412,2662425
EV015,Canada,68689,69.7,1218.0,0,17389,568440
EV015,IE,10440,34.6,189.0,0,2469,139273
EV015,Spain,15987,50.0,244.0,0,6062,166920
EV015,Germany,15819,38.4,422.0,0,4926,183345
EV015,Saudi Arabia,8976,50.4,131.0,0,3729,58674
EV015,Australia,65928,72.3,839.0,0,14266,649373
EV015,JP,80970,46.8,1954.0,0,17589,844218
EV016,United States,521719,67.8,6347.0,0,98321,6808183
EV016,United Kingdom,112622,51.1,3046.0,0,30154,866851
EV016,Mexico,285201,71.5,8378.0,0,172387,3935266
EV016,Canada,61172,66.7,1118.0,0,16653,807680
EV016,Ireland,43223,48.8,590.0,0,9467,473973
EV016,Spain,15792,47.1,232.0,0,4619,153821
EV016,DE,21830,52.7,345.0,0,6786,150744
EV016,Saudi Arabia,9765,72.5,174.0,0,3456,72593
EV016,Australia,55079,68.3,1553.0,0,6503,659582
EV016,Japan,214685,54.7,2442.0,0,39442,2545570
EV017,United States,975843,64.4,18468.0,0,199230,6605861
EV017,GB,188545,74.3,5598.0,0,58953,2423358
EV017,Mexico,176337,52.7,4390.0,0,99632,1265578
EV017,Canada,37930,82.7,504.0,0,8755,266182
EV017,IE,8361,39.0,205.0,0,2211,80018
EV017,Spain,12375,28.7,,0,4597,161071
EV017,Germany,13209,54.7,303.0,0,5126,101636
EV017,Saudi Arabia,5756,47.4,97.0,0,3004,50500
EV017,Australia,38856,47.0,527.0,0,11412,510700
EV017,Japan,46713,96.9,1140.0,0,9455,360621
EV018,United States,885528,31.7,25012.0,0,197200,6874508
EV018,United Kingdom,69061,50.2,1232.0,0,21139,535162
EV018,Mexico,139521,83.9,2372.0,0,71190,1613965
EV018,Canada,30114,47.9,426.0,0,7883,407512
EV018,Ireland,8012,60.9,185.0,0,1404,92083
EV018,Spain,8068,67.4,95.0,0,3036,50077
EV018,Germany,9963,58.4,145.0,0,2051,92003
EV018,Saudi Arabia,4889,25.0,51.0,0,1991,57970
EV018,Australia,88286,85.1,1327.0,0,20644,789121
EV018,Japan,43011,64.8,636.0,0,8361,367451
EV019,United States,547282,37.2,7562.0,0,147217,5399593
EV019,GB,963301,76.1,14284.0,0,346912,6604441
EV019,Mexico,67322,53.8,1652.0,0,38309,575817
EV019,Canada,29103,43.4,767.0,0,6205,393152
EV019,Ireland,36169,88.6,445.0,0,7744,453172
EV019,Spain,54918,45.9,917.0,0,24331,558653
EV019,Germany,43943,92.1,600.0,0,15084,348534
EV019,Saudi Arabia,27019,86.1,278.0,0,13062,174109
EV019,Australia,79444,63.5,1466.0,0,20264,500041
EV019,Japan,71152,69.3,1271.0,0,10749,628027
EV020,United States,362654,95.2,18495.0,199459,291944,2642156
EV020,United Kingdom,175326,67.5,4943.0,96429,216696,2065991
EV020,Mexico,328184,77.0,15653.0,180501,780180,3687875
EV020,Canada,40809,63.7,1127.0,22444,38588,264874
EV020,Ireland,25997,70.2,795.0,14298,23257,231925
EV020,ES,20450,57.1,880.0,11247,27118,175085
EV020,Germany,27089,64.1,1741.0,14898,35245,168141
EV020,Saudi Arabia,14714,79.9,596.0,8092,28076,172889
EV020,Australia,32906,68.5,1052.0,18098,31810,236815
EV020,Japan,16775,68.9,1078.0,9226,12983,139698
EV021,United States,820401,61.3,14877.0,0,161566,7436583
EV021,United Kingdom,74177,47.0,1200.0,0,18024,805220
EV021,Mexico,489740,117.6,5996.0,0,280234,4125075
EV021,CA,33363,72.1,993.0,0,6472,218927
EV021,Ireland,9842,35.0,261.0,0,3036,111781
EV021,Spain,11648,63.8,344.0,0,3529,71437
EV021,Germany,13498,61.5,243.0,0,2583,96647
EV021,Saudi Arabia,6454,40.5,138.0,0,2232,59853
EV021,Australia,41866,83.0,999.0,0,8241,354105
EV021,Japan,55525,63.3,1047.0,0,8882,573300
EV022,United States,818186,59.1,,0,180911,5114662
EV022,United Kingdom,267114,36.1,7023.0,0,73892,1775863
EV022,Mexico,127915,70.6,3690.0,0,57489,1484052
EV022,Canada,50097,44.5,803.0,0,10522,625675
EV022,Ireland,24779,62.1,297.0,0,7492,297731
EV022,Spain,58264,56.6,1066.0,0,20549,457561
EV022,Germany,26858,61.6,718.0,0,7152,215966
EV022,Saudi Arabia,10932,77.6,238.0,0,4800,140733
EV022,Australia,38103,56.0,383.0,0,9714,287261
EV022,Japan,16106,63.6,386.0,0,2923,122760
EV023,United States,830901,62.8,24415.0,456995,838483,10622223
EV023,United Kingdom,174419,61.1,10304.0,95930,224533,1965386
EV023,Mexico,126972,86.5,5821.0,69834,326214,908927
EV023,Canada,36108,48.7,1569.0,19859,35053,480904
EV023,Ireland,10066,52.7,250.0,5536,10528,81259
EV023,Spain,6666,54.2,416.0,3666,10716,92045
EV023,Germany,12648,51.1,714.0,6956,12877,103150
EV023,Saudi Arabia,6382,51.8,176.0,3510,9395,54950
EV023,Australia,38654,64.4,2479.0,21259,32941,487110
EV023,Japan,56229,77.1,2023.0,30925,29383,467183
EV024,United States,953255,61.7,16576.0,0,195090,11478770
EV024,United Kingdom,755918,68.7,22073.0,0,213959,6306730
EV024,Mexico,134362,63.2,3668.0,0,70956,1211768
EV024,Canada,38047,52.7,787.0,0,9190,311027
EV024,Ireland,22766,82.1,335.0,0,6102,189007
EV024,ES,23622,53.9,571.0,0,7866,260762
EV024,Germany,27105,72.9,291.0,0,8413,291135
EV024,Saudi Arabia,14387,66.2,327.0,0,6282,188994
EV024,Australia,36366,54.4,495.0,0,10327,390211
EV024,Japan,19550,61.3,,0,3663,208726
EV025,US,378976,56.6,8751.0,0,76291,3070728
EV025,United Kingdom,50068,58.0,881.0,0,13924,498951
EV025,Mexico,132215,66.3,2072.0,0,65167,1490116
EV025,Canada,23816,69.6,547.0,0,6167,253561
EV025,Ireland,6106,48.8,172.0,0,1567,63732
EV025,Spain,6194,44.6,75.0,0,2391,67042
EV025,Germany,7083,56.3,71.0,0,1324,56893
EV025,Saudi Arabia,7469,51.5,123.0,0,3299,81297
EV025,Australia,26534,67.2,504.0,0,6190,192096
EV025,Japan,28217,77.1,657.0,0,4063,258073
EV026,United States,316085,61.8,,173846,162276,3144599
EV026,United Kingdom,179674,64.1,5383.0,98820,191807,1363839
EV026,Mexico,172117,110.9,5848.0,94664,457723,2399141
EV026,Canada,32027,42.9,992.0,17614,32398,369866
EV026,IE,21492,48.6,1174.0,11820,18258,226885
EV026,Spain,10184,56.7,413.0,5601,17920,136803
EV026,Germany,12381,45.3,555.0,6809,14230,104327
EV026,Saudi Arabia,5828,50.7,355.0,3205,12205,80745
EV026,AU,35197,63.1,1623.0,19358,33825,232937
EV026,Japan,40825,48.1,,22453,32111,268314
EV027,United States,751431,52.4,30393.0,413287,664136,6260067
EV027,United Kingdom,193649,51.4,9783.0,106506,141912,2250096
EV027,Mexico,166373,64.4,10528.0,91505,364915,1782851
EV027,Canada,30657,64.9,1095.0,16861,28138,277175
EV027,Ireland,9398,61.9,318.0,5168,8351,60488
EV027,Spain,8292,65.8,491.0,4560,15258,69167
EV027,Germany,12804,44.0,289.0,7042,15168,114798
EV027,Saudi Arabia,6338,61.7,376.0,3485,9809,44099
EV027,Australia,38681,46.5,2015.0,21274,41843,445885
EV027,Japan,53989,62.9,2917.0,29693,43359,368248
EV028,United States,836955,77.8,16429.0,0,145202,11557099
EV028,United Kingdom,75128,35.7,1122.0,0,20883,563146
EV028,MX,160427,61.5,4758.0,0,111103,1004742
EV028,Canada,35136,66.6,858.0,0,8800,218231
EV028,Ireland,9065,61.6,109.0,0,2213,77859
EV028,Spain,10111,39.0,164.0,0,3689,91667
EV028,Germany,11671,73.2,323.0,0,3847,90926
EV028,Saudi Arabia,4922,47.7,124.0,0,2492,32328
EV028,Australia,30511,81.7,525.0,0,8940,323023
EV028,Japan,127958,72.8,2305.0,0,26678,846510
EV029,United States,611572,74.3,12941.0,0,135912,7826042
EV029,United Kingdom,1178478,57.5,14300.0,0,306030,12440963
EV029,Mexico,293317,65.2,7710.0,0,149239,1937007
EV029,Canada,69670,48.5,1737.0,0,16695,521051
EV029,IE,40791,89.0,1014.0,0,8605,314217
EV029,Spain,36986,64.4,915.0,0,15025,315243
EV029,Germany,49990,75.4,838.0,0,15056,465530
EV029,Saudi Arabia,17921,41.2,276.0,0,8255,203682
EV029,Australia,60220,61.5,1390.0,0,13658,469891
EV029,Japan,44468,50.3,1198.0,0,8833,541573
EV030,United States,882751,72.9,19784.0,0,170637,11974556
EV030,United Kingdom,100644,43.2,1819.0,0,25453,1010425
EV030,Mexico,189043,64.6,3124.0,0,91459,2593076
EV030,Canada,41300,77.6,833.0,0,8650,487863
EV030,Ireland,9494,56.0,103.0,0,2450,109286
EV030,ES,13430,69.8,139.0,0,4587,107497
EV030,Germany,14339,69.4,156.0,0,4303,185143
EV030,Saudi Arabia,8607,59.0,208.0,0,3720,63304
EV030,Australia,51358,92.0,654.0,0,13776,504958
EV030,Japan,50840,104.4,779.0,0,8043,684782
EV031,United States,356437,76.0,10022.0,0,86232,3979083
EV031,United Kingdom,738390,88.7,10335.0,0,212907,9231595
EV031,Mexico,384914,77.4,6140.0,0,217328,3787559
EV031,CA,42178,98.8,449.0,0,11792,347208
EV031,IE,19659,58.0,435.0,0,4821,194644
EV031,Spain,20831,63.3,471.0,0,6114,269377
EV031,Germany,22961,70.2,540.0,0,7195,228258
EV031,Saudi Arabia,9461,75.5,127.0,0,4294,89415
EV031,Australia,38811,90.7,917.0,0,7726,267648
EV031,Japan,15167,59.5,234.0,0,2757,154832
EV032,United States,424343,70.0,17988.0,233388,336637,4314299
EV032,United Kingdom,691964,79.3,38983.0,380580,684835,6997652
EV032,Mexico,208351,55.3,10188.0,114593,400362,1893838
EV032,Canada,32127,42.7,1467.0,17669,29394,383796
EV032,Ireland,24773,81.5,722.0,13625,26426,341430
EV032,Spain,29235,68.7,1000.0,16079,40706,318339
EV032,Germany,24339,90.8,916.0,13386,33588,281441
EV032,Saudi Arabia,13568,83.2,418.0,7462,29621,189800
EV032,Australia,36132,48.1,1860.0,19872,32592,305819
EV032,Japan,19106,57.4,944.0,10508,12966,241708
EV033,United States,813870,62.6,44976.0,447628,703287,10214355
EV033,United Kingdom,83161,63.8,4744.0,45738,71623,618338
EV033,MX,153102,86.5,4682.0,84206,373503,1465706
EV033,CA,36975,72.0,1576.0,20336,40573,477465
EV033,Ireland,8173,53.3,536.0,4495,8428,104692
EV033,Spain,10430,45.9,565.0,5736,13987,81733
EV033,DE,12020,53.9,333.0,6611,11947,102179
EV033,Saudi Arabia,5325,44.3,242.0,2928,8594,65682
EV033,Australia,35868,62.0,1711.0,19727,39205,494950
EV033,Japan,122860,65.0,7739.0,67573,91418,1090672
EV034,United States,1184948,47.2,25253.0,0,185807,8106033
EV034,GB,106915,61.5,3016.0,0,29754,789732
EV034,Mexico,197661,91.5,2517.0,0,91599,1371612
EV034,Canada,38160,83.6,747.0,0,8557,264110
EV034,Ireland,11666,50.7,278.0,0,3097,124385
EV034,Spain,15023,56.6,334.0,0,5732,99936
EV034,Germany,11397,63.0,335.0,0,2824,103284
EV034,Saudi Arabia,8373,54.2,241.0,0,3515,57192
EV034,Australia,61463,70.8,992.0,0,13212,400277
EV034,Japan,59514,63.4,879.0,0,13359,471701
EV035,United States,386828,61.1,7514.0,0,93282,2499448
EV035,United Kingdom,277105,66.2,5890.0,0,83701,2238449
EV035,Mexico,148797,64.8,2557.0,0,99086,2026351
EV035,Canada,38728,54.1,613.0,0,8743,312339
EV035,Ireland,16409,87.6,470.0,0,4650,124687
EV035,Spain,18613,82.4,369.0,0,6753,217725
EV035,Germany,19264,62.0,329.0,0,7579,267199
EV035,Saudi Arabia,9348,66.4,271.0,0,4096,68521
EV035,Australia,66668,70.9,998.0,0,17168,775471
EV035,Japan,15177,51.3,452.0,0,2226,163889
EV036,United States,690614,29.1,12413.0,0,148410,4869723
EV036,United Kingdom,65619,49.1,1191.0,0,22232,579816
EV036,Mexico,130040,68.4,1647.0,0,78473,1674218
EV036,Canada,82934,75.7,2262.0,0,24215,509628
EV036,Ireland,7514,64.6,195.0,0,1827,65821
EV036,ES,8222,40.8,177.0,0,3277,92713
EV036,Germany,7718,58.0,168.0,0,1894,83044
EV036,Saudi Arabia,4851,55.8,91.0,0,2502,59230
EV036,Australia,34970,50.9,417.0,0,7637,308141
EV036,Japan,41200,58.0,560.0,0,7462,300853
EV037,United States,771210,81.7,10405.0,0,193271,7616224
EV037,United Kingdom,99737,49.1,1192.0,0,25397,608655
EV037,Mexico,208272,37.8,5000.0,0,93752,1556651
EV037,Canada,33925,45.2,966.0,0,8604,309196
EV037,Ireland,25198,59.4,322.0,0,6588,306338
EV037,Spain,14703,74.8,290.0,0,4857,107984
EV037,Germany,13143,58.0,381.0,0,5088,124813
EV037,Saudi Arabia,7384,44.4,,0,3697,57630
EV037,Australia,51367,77.5,955.0,0,10854,710737
EV037,Japan,49934,63.9,879.0,0,7439,675224
EV038,United States,419887,48.2,19381.0,230937,444650,4384326
EV038,United Kingdom,84864,57.1,3341.0,46675,119486,977838
EV038,Mexico,201283,84.7,,110705,586934,1285087
EV038,Canada,34180,86.1,962.0,18799,29321,361465
EV038,IE,26083,36.1,670.0,14345,26166,353141
EV038,Spain,11549,40.1,525.0,6351,18754,105996
EV038,Germany,10332,46.6,574.0,5682,13339,62650
EV038,Saudi Arabia,5931,49.4,214.0,3262,7480,59701
EV038,Australia,45731,56.0,1265.0,25152,38240,277539
EV038,Japan,158755,60.9,5778.0,87315,119369,1937869
EV039,United States,155160,35.9,8121.0,85338,136838,1739748
EV039,United Kingdom,739983,58.4,48199.0,406990,967318,8024462
EV039,Mexico,129733,45.5,6157.0,71353,256152,1242252
EV039,Canada,12029,53.9,339.0,6615,16220,122452
EV039,Ireland,26732,70.8,882.0,14702,29572,272872
EV039,ES,34840,52.8,2066.0,19162,69610,342098
EV039,Germany,38965,51.5,1429.0,21430,54689,447695
EV039,Saudi Arabia,19667,66.9,1239.0,10816,38504,233206
EV039,Australia,64186,74.7,3568.0,35302,64966,558724
EV039,Japan,54390,87.8,3430.0,29914,40482,729479
EV040,US,252291,89.8,2967.0,0,43874,3245041
EV040,United Kingdom,195414,41.2,5703.0,0,54385,2616997
EV040,Mexico,227436,69.5,3092.0,0,113069,1743872
EV040,Canada,27674,72.7,320.0,0,6731,264700
EV040,Ireland,15347,70.9,320.0,0,4039,180734
EV040,Spain,33835,70.3,691.0,0,13957,322023
EV040,Germany,18000,46.3,283.0,0,5938,250094
EV040,Saudi Arabia,7823,61.8,185.0,0,3908,85109
EV040,Australia,21374,68.3,358.0,0,3999,153971
EV040,Japan,9113,30.0,160.0,0,1689,64867
EV041,United States,312459,64.5,3355.0,0,64842,3359121
EV041,United Kingdom,67158,35.5,1595.0,0,15136,598015
EV041,Mexico,141269,61.5,2948.0,0,68856,1154611
EV041,Canada,30305,55.9,450.0,0,7220,195381
EV041,Ireland,13533,64.3,239.0,0,3609,85291
EV041,Spain,9302,59.1,190.0,0,3167,97938
EV041,Germany,9202,40.0,224.0,0,2698,71391
EV041,Saudi Arabia,3911,60.0,53.0,0,1637,30114
EV041,Australia,34109,72.9,484.0,0,10542,223529
EV041,Japan,118988,69.1,1656.0,0,19756,1004331
EV042,United States,350491,65.4,3837.0,0,85532,2594458
EV042,United Kingdom,347185,76.7,5948.0,0,83650,4295931
EV042,MX,162402,61.2,3509.0,0,86981,1118596
EV042,Canada,48206,85.7,958.0,0,11634,408113
EV042,Ireland,23138,104.9,463.0,0,4064,179136
EV042,Spain,21534,60.5,623.0,0,6521,176728
EV042,Germany,56066,46.1,712.0,0,18100,578150
EV042,Saudi Arabia,9326,61.8,139.0,0,3650,65486
EV042,Australia,43943,86.4,570.0,0,8693,409118
EV042,Japan,43317,51.7,602.0,0,6709,345046
EV043,United States,352754,69.5,13200.0,194014,298439,3432193
EV043,United Kingdom,620197,56.4,38446.0,341108,634039,6617921
EV043,Mexico,364873,72.3,11455.0,200680,862964,2193243
EV043,Canada,48638,86.2,2788.0,26750,60999,544958
EV043,Ireland,23871,103.0,1401.0,13129,22976,235531
EV043,Spain,18203,66.4,430.0,10011,23991,140588
EV043,DE,15436,31.7,531.0,8489,23208,101980
EV043,SA,11206,40.8,693.0,6163,22153,84995
EV043,Australia,35812,86.6,2335.0,19696,36881,484200
EV043,JP,18256,59.2,743.0,10040,9667,132111
EV044,United States,470531,70.4,19541.0,258792,407404,2912653
EV044,United Kingdom,739245,78.2,33424.0,406584,774139,9657867
EV044,Mexico,503292,73.0,29442.0,276810,1099216,4706800
EV044,CA,57801,60.9,1278.0,31790,63131,692258
EV044,Ireland,54704,80.5,3267.0,30087,46645,619660
EV044,Spain,30695,45.1,826.0,16882,54289,319401
EV044,Germany,35316,62.8,,19423,41095,289133
EV044,Saudi Arabia,16597,98.1,980.0,9128,29959,176340
EV044,Australia,44845,53.6,2527.0,24664,46209,560353
EV044,Japan,22455,56.1,1264.0,12350,16452,153427
EV045,United States,399017,67.9,10948.0,219459,299879,4140154
EV045,United Kingdom,239552,81.7,6639.0,131753,283445,1518896
EV045,Mexico,54377,44.3,3564.0,29907,110291,327581
EV045,Canada,17350,48.8,744.0,9542,19243,172209
EV045,Ireland,71693,86.1,2280.0,39431,64691,586081
EV045,Spain,28727,48.8,883.0,15799,52220,211937
EV045,Germany,35228,48.4,,19375,42634,488094
EV045,Saudi Arabia,20508,83.3,1152.0,11279,41943,276732
EV045,Australia,39054,87.6,1209.0,21479,40397,285959
EV045,Japan,70455,100.8,1861.0,38750,57440,816547
EV046,United States,1094024,71.0,41224.0,601713,840681,8498524
EV046,United Kingdom,509468,82.5,11568.0,280207,688203,4543243
EV046,Mexico,151192,71.7,7297.0,83155,329175,2006587
EV046,Canada,50246,99.9,3062.0,27635,45051,520106
EV046,Ireland,20645,72.8,1079.0,11354,21478,261976
EV046,Spain,16650,85.4,615.0,9157,28024,116756
EV046,Germany,22468,93.0,721.0,12357,28997,159170
EV046,Saudi Arabia,14876,66.3,936.0,8181,24947,113720
EV046,Australia,36666,75.0,1662.0,20166,38080,481717
EV046,Japan,15748,50.9,1012.0,8661,10404,156517
EV047,United States,1047026,40.2,18912.0,0,190724,7685830
EV047,GB,84309,58.1,1937.0,0,20593,666273
EV047,Mexico,191087,64.4,3302.0,0,96712,2604333
EV047,Canada,39912,47.5,1052.0,0,10003,315408
EV047,Ireland,10615,51.8,292.0,0,2023,125580
EV047,Spain,12019,41.5,246.0,0,4515,167564
EV047,Germany,13735,71.9,294.0,0,3833,94550
EV047,Saudi Arabia,6548,63.5,85.0,0,3479,50357
EV047,Australia,139302,88.4,1477.0,0,41638,1283924
EV047,JP,66987,76.8,1016.0,0,12901,510283
EV048,United States,670509,84.2,41050.0,368779,615620,7324618
EV048,United Kingdom,772532,52.1,23840.0,424892,1023266,9032614
EV048,Mexico,236613,69.2,5570.0,130137,580663,2039080
EV048,Canada,59795,63.8,3939.0,32887,57143,579920
EV048,Ireland,99151,49.4,5924.0,54533,99022,614268
EV048,Spain,36042,48.3,1432.0,19823,60893,341240
EV048,Germany,40174,68.4,1407.0,22095,56686,398921
EV048,Saudi Arabia,29870,46.1,1485.0,16428,58955,392186
EV048,Australia,67223,67.6,,36972,83630,450442
EV048,Japan,29688,46.7,685.0,16328,17941,411612
